Customer_ID,Age,Gender,Region,Subscription_Type,Monthly_Spend,Last_Login,Churned,Customer_Since,Age_Group,Tenure_Years
CUST00001,56,Other,North,Premium,71.7,2024-04-28,0,2019-01-22,55+,7
CUST00002,69,Other,West,Basic,68.31,2024-05-21,0,2020-08-27,55+,5
CUST00003,46,Other,South,Premium,71.5,2024-01-25,0,2021-11-13,45-54,4
CUST00004,32,Male,South,Basic,75.43,2024-02-03,0,2020-10-02,25-34,5
CUST00005,44,Unknown,East,Basic,75.16,2024-03-07,0,2018-08-06,35-44,7
CUST00006,25,Male,South,Premium,49.61,2024-04-27,0,2022-09-21,25-34,3
CUST00007,38,Female,South,Basic,36.23,2024-03-13,1,2020-10-01,35-44,5
CUST00008,56,Other,East,Basic,92.84,2024-01-26,1,2021-10-01,55+,4
CUST00009,36,Male,South,Basic,59.09,2024-05-27,1,2021-06-07,35-44,4
CUST00010,40,Male,South,Premium,69.02,2024-04-13,0,2018-09-12,35-44,7
CUST00011,28,Other,South,Premium,76.54,2024-01-10,0,2018-08-24,25-34,7
CUST00012,28,Female,South,Basic,102.58,2024-03-07,0,2020-11-15,25-34,5
CUST00013,41,Female,East,Basic,73.23,2024-01-05,0,2022-05-27,35-44,3
CUST00014,53,Female,South,Premium,62.1,2024-01-27,0,2021-07-08,45-54,4
CUST00015,57,Male,South,Premium,59.53,2024-04-22,0,2022-11-25,55+,3
CUST00016,41,Male,East,Basic,69.25,2024-01-15,0,2018-09-28,35-44,7
CUST00017,20,Male,West,Basic,51.81,2024-04-14,0,2018-05-03,18-24,7
CUST00018,39,Male,North,Basic,70.58,2024-02-13,1,2019-10-18,35-44,6
CUST00019,19,Female,West,Standard,68.96,2024-01-26,0,2021-07-04,18-24,4
CUST00020,41,Other,East,Premium,102.83,2024-04-04,1,2022-08-07,35-44,3
CUST00021,61,Male,North,Standard,68.33,2024-03-24,0,2021-12-15,55+,4
CUST00022,44,Male,East,Premium,31.51,2024-05-19,0,2018-09-16,35-44,7
CUST00023,55,Female,East,Premium,123.47,2024-05-11,0,2020-08-05,55+,5
CUST00024,19,Other,South,Premium,89.14,2024-03-27,0,2018-02-16,18-24,8
CUST00025,38,Other,North,Premium,111.65,2024-04-21,1,2020-05-12,35-44,5
CUST00026,50,Female,South,Premium,46.85,2024-05-08,1,2019-06-09,45-54,6
CUST00027,29,Female,North,Premium,65.56,2024-03-29,0,2020-06-06,25-34,5
CUST00028,39,Other,East,Premium,83.49,2024-03-06,0,2018-07-27,35-44,7
CUST00029,61,Male,East,Standard,80.73,2024-05-10,1,2021-08-27,55+,4
CUST00030,42,Other,West,Basic,76.14,2024-05-01,0,2020-01-17,35-44,6
CUST00031,66,Female,North,Basic,26.01,2024-05-28,1,2018-05-29,55+,7
CUST00032,44,Male,South,Standard,35.75,2024-03-24,0,2023-02-01,35-44,3
CUST00033,59,Male,West,Standard,100.35,2024-04-25,0,2019-03-14,55+,7
CUST00034,44,Female,West,Standard,103.91,2024-04-25,0,2018-06-04,35-44,7
CUST00035,33,Female,West,Standard,67.87,2024-02-07,0,2022-08-29,25-34,3
CUST00036,32,Female,South,Premium,97.81,2024-05-22,0,2021-01-18,25-34,5
CUST00037,64,Other,West,Basic,49.54,2024-04-19,0,2022-09-18,55+,3
CUST00038,68,Other,South,Premium,54.11,2024-02-15,0,2023-01-28,55+,3
CUST00039,61,Male,West,Basic,47.95,2024-01-25,0,2018-12-24,55+,7
CUST00040,44,Female,South,Basic,53,2024-01-21,0,2021-04-12,35-44,4
CUST00041,20,Male,East,Standard,84.45,2024-04-30,0,2021-05-25,18-24,4
CUST00042,44,Male,East,Premium,52.75,2024-05-01,0,2023-04-15,35-44,2
CUST00043,68,Male,East,Standard,114.79,2024-05-12,0,2019-04-01,55+,6
CUST00044,24,Male,East,Premium,79.2,2024-03-10,0,2020-02-15,18-24,6
CUST00045,38,Female,East,Basic,91.69,2024-04-22,1,2022-06-21,35-44,3
CUST00046,26,Unknown,West,Standard,79.8,2024-04-16,1,2019-09-21,25-34,6
CUST00047,56,Female,West,Standard,94.29,2024-04-21,0,2021-05-07,55+,4
CUST00048,35,Female,West,Basic,52.64,2024-04-17,0,2020-04-11,35-44,5
CUST00049,21,Other,South,Basic,98.94,2024-02-16,1,2019-05-01,18-24,6
CUST00050,42,Female,South,Basic,72.82,2024-03-31,1,2019-06-17,35-44,6
CUST00051,31,Other,South,Standard,94.19,2024-01-18,0,2018-07-19,25-34,7
CUST00052,67,Female,South,Premium,41.21,2024-05-28,0,2019-01-06,55+,7
CUST00053,26,Female,East,Standard,73.61,2024-04-13,0,2020-10-10,25-34,5
CUST00054,43,Female,East,Premium,72.9,2024-02-09,0,2023-06-06,35-44,2
CUST00055,19,Other,East,Standard,57.62,2024-05-17,0,2020-05-02,18-24,5
CUST00056,37,Other,North,Standard,76.26,2024-03-29,0,2022-01-11,35-44,4
CUST00057,45,Male,West,Basic,100.79,2024-03-01,1,2018-09-05,45-54,7
CUST00058,64,Unknown,South,Premium,56.08,2024-01-05,1,2020-02-27,55+,6
CUST00059,24,Other,South,Standard,89.24,2024-05-01,0,2018-09-21,18-24,7
CUST00060,61,Other,East,Standard,47.45,2024-02-24,0,2020-12-17,55+,5
CUST00061,25,Other,South,Basic,112.19,2024-02-06,0,2021-08-18,25-34,4
CUST00062,64,Male,South,Basic,85.69,2024-02-25,1,2018-01-31,55+,8
CUST00063,52,Other,West,Premium,104.5,2024-04-11,0,2022-03-02,45-54,4
CUST00064,31,Female,East,Standard,83.44,2024-04-02,0,2021-06-26,25-34,4
CUST00065,34,Female,West,Premium,77.81,2024-03-13,0,2019-08-28,25-34,6
CUST00066,53,Other,North,Standard,85.86,2024-02-28,0,2022-12-06,45-54,3
CUST00067,67,Other,North,Premium,67.27,2024-01-02,0,2021-07-18,55+,4
CUST00068,57,Female,North,Basic,37.64,2024-04-13,0,2022-06-18,55+,3
CUST00069,21,Female,East,Standard,78.95,2024-02-20,0,2022-08-17,18-24,3
CUST00070,19,Male,South,Premium,71.5,2024-01-30,1,2021-11-18,18-24,4
CUST00071,44,Female,East,Basic,47.97,2024-01-11,1,2022-12-26,35-44,3
CUST00072,59,Female,East,Basic,82.73,2024-04-17,1,2019-05-17,55+,6
CUST00073,21,Other,South,Premium,64.42,2024-03-16,0,2022-06-04,18-24,3
CUST00074,46,Female,West,Standard,90.55,2024-03-30,0,2023-01-02,45-54,3
CUST00075,35,Male,North,Standard,71.5,2024-05-02,0,2021-01-12,35-44,5
CUST00076,43,Female,West,Basic,60.58,2024-05-04,1,2021-10-20,35-44,4
CUST00077,61,Other,North,Standard,93.01,2024-05-01,0,2020-06-04,55+,5
CUST00078,51,Other,East,Standard,75.6,2024-04-03,0,2019-07-03,45-54,6
CUST00079,27,Female,North,Standard,40.45,2024-04-12,0,2021-09-27,25-34,4
CUST00080,53,Other,East,Basic,75.16,2024-01-31,0,2020-04-18,45-54,5
CUST00081,31,Male,West,Premium,99.62,2024-02-21,0,2021-12-01,25-34,4
CUST00082,48,Male,East,Standard,60.43,2024-03-29,0,2021-12-19,45-54,4
CUST00083,65,Female,West,Basic,81.96,2024-03-16,0,2022-11-03,55+,3
CUST00084,32,Female,South,Basic,53.01,2024-05-08,0,2021-01-21,25-34,5
CUST00085,25,Female,South,Premium,67.26,2024-01-22,1,2020-04-27,25-34,5
CUST00086,31,Other,South,Standard,91.8,2024-02-09,0,2019-09-06,25-34,6
CUST00087,40,Male,East,Standard,74.38,2024-04-10,0,2019-02-16,35-44,7
CUST00088,57,Male,South,Premium,95.79,2024-04-20,0,2019-03-08,55+,7
CUST00089,38,Other,North,Premium,78.51,2024-05-08,1,2019-11-09,35-44,6
CUST00090,33,Male,West,Basic,114.37,2024-03-05,0,2018-06-08,25-34,7
CUST00091,62,Female,West,Basic,38.7,2024-05-28,1,2018-01-14,55+,8
CUST00092,35,Female,North,Premium,65.66,2024-03-19,0,2019-01-08,35-44,7
CUST00093,64,Female,East,Standard,48.31,2024-01-22,1,2018-08-13,55+,7
CUST00094,41,Unknown,East,Basic,49.68,2024-04-08,1,2022-03-09,35-44,4
CUST00095,43,Female,West,Basic,49.86,2024-01-08,0,2021-01-01,35-44,5
CUST00096,42,Other,South,Standard,73.35,2024-01-17,0,2021-06-26,35-44,4
CUST00097,62,Other,East,Basic,74.53,2024-01-17,0,2019-05-26,55+,6
CUST00098,58,Male,East,Standard,78.55,2024-03-30,0,2019-08-26,55+,6
CUST00099,46,Unknown,North,Standard,47.54,2024-05-20,0,2018-08-04,45-54,7
CUST00100,32,Unknown,North,Standard,63.52,2024-05-24,0,2023-06-20,25-34,2
CUST00101,62,Male,South,Premium,50.71,2024-03-21,0,2022-06-14,55+,3
CUST00102,18,Female,East,Premium,88.72,2024-03-18,0,2022-04-14,18-24,3
CUST00103,42,Unknown,East,Premium,71.5,2024-01-06,0,2023-05-25,35-44,2
CUST00104,24,Female,North,Standard,65.73,2024-04-19,0,2023-01-15,18-24,3
CUST00105,26,Male,East,Standard,81.21,2024-01-14,0,2023-05-17,25-34,2
CUST00106,41,Other,West,Premium,57.69,2024-03-12,0,2020-09-14,35-44,5
CUST00107,18,Female,North,Basic,83.88,2024-05-22,0,2021-05-28,18-24,4
CUST00108,61,Female,South,Standard,101.92,2024-02-23,0,2020-04-19,55+,5
CUST00109,25,Male,North,Basic,73.79,2024-01-27,1,2019-12-28,25-34,6
CUST00110,41,Female,East,Basic,71.5,2024-01-13,0,2021-05-29,35-44,4
CUST00111,28,Male,South,Standard,28.53,2024-02-29,0,2021-11-13,25-34,4
CUST00112,68,Other,North,Standard,61.42,2024-01-06,0,2019-07-08,55+,6
CUST00113,34,Male,West,Basic,71.5,2024-02-27,1,2022-07-29,25-34,3
CUST00114,25,Male,West,Basic,48.94,2024-02-18,1,2020-12-01,25-34,5
CUST00115,52,Male,North,Premium,74.15,2024-01-26,1,2019-11-07,45-54,6
CUST00116,44,Male,West,Premium,91.2,2024-02-16,0,2020-05-22,35-44,5
CUST00117,50,Other,West,Standard,32.41,2024-01-05,0,2018-10-10,45-54,7
CUST00118,22,Other,West,Premium,46.22,2024-01-20,0,2020-12-17,18-24,5
CUST00119,59,Female,South,Premium,73.7,2024-05-13,0,2023-01-12,55+,3
CUST00120,56,Other,West,Premium,79.21,2024-02-28,1,2020-04-13,55+,5
CUST00121,58,Other,West,Premium,84.76,2024-05-25,0,2019-06-21,55+,6
CUST00122,45,Female,West,Basic,72.22,2024-05-11,0,2021-01-01,45-54,5
CUST00123,24,Other,South,Standard,79.23,2024-01-17,0,2023-03-24,18-24,2
CUST00124,26,Male,North,Premium,71.5,2024-01-14,1,2020-07-11,25-34,5
CUST00125,25,Male,East,Basic,61.71,2024-01-13,0,2021-02-26,25-34,5
CUST00126,29,Female,West,Basic,71.5,2024-05-14,0,2022-06-11,25-34,3
CUST00127,51,Female,North,Basic,71.5,2024-05-07,0,2020-04-21,45-54,5
CUST00128,50,Female,West,Premium,73.99,2024-02-13,0,2021-12-20,45-54,4
CUST00129,65,Male,South,Premium,56.83,2024-04-28,0,2020-08-05,55+,5
CUST00130,40,Other,North,Standard,62.12,2024-05-22,1,2019-10-27,35-44,6
CUST00131,41,Male,South,Premium,77.95,2024-01-19,0,2022-09-14,35-44,3
CUST00132,54,Female,West,Premium,73.16,2024-03-03,0,2021-02-22,45-54,5
CUST00133,52,Other,West,Basic,66.29,2024-03-21,0,2018-03-08,45-54,8
CUST00134,61,Other,South,Standard,35.18,2024-05-26,0,2018-01-06,55+,8
CUST00135,57,Male,East,Premium,69.93,2024-05-27,1,2019-09-29,55+,6
CUST00136,39,Female,South,Premium,50.6,2024-04-09,0,2018-11-10,35-44,7
CUST00137,44,Male,West,Basic,89.66,2024-05-01,0,2021-09-11,35-44,4
CUST00138,52,Other,South,Basic,71.5,2024-02-13,1,2019-07-19,45-54,6
CUST00139,18,Male,East,Premium,50.08,2024-04-13,0,2022-05-21,18-24,3
CUST00140,52,Male,South,Standard,68.77,2024-03-01,0,2020-04-05,45-54,5
CUST00141,54,Female,East,Standard,95.41,2024-05-04,0,2019-05-21,45-54,6
CUST00142,64,Female,East,Basic,82.62,2024-05-24,0,2021-01-10,55+,5
CUST00143,31,Other,South,Basic,74.4,2024-03-11,0,2022-06-11,25-34,3
CUST00144,20,Male,South,Premium,43.48,2024-04-16,0,2020-10-22,18-24,5
CUST00145,18,Male,North,Basic,102.43,2024-02-19,0,2018-07-23,18-24,7
CUST00146,22,Male,West,Premium,57.57,2024-03-05,0,2019-10-24,18-24,6
CUST00147,43,Other,East,Standard,88.68,2024-04-08,0,2020-03-15,35-44,6
CUST00148,31,Other,North,Standard,63.49,2024-02-01,0,2019-02-08,25-34,7
CUST00149,56,Female,South,Premium,86.75,2024-05-20,1,2021-01-31,55+,5
CUST00150,44,Unknown,West,Basic,96.14,2024-02-27,0,2019-06-20,35-44,6
CUST00151,44,Female,North,Standard,82.96,2024-05-07,0,2021-10-23,35-44,4
CUST00152,32,Male,East,Basic,85.12,2024-05-21,0,2021-05-20,25-34,4
CUST00153,32,Male,North,Standard,71.5,2024-04-21,0,2019-07-31,25-34,6
CUST00154,43,Female,East,Premium,61.32,2024-03-08,0,2023-06-08,35-44,2
CUST00155,59,Male,South,Premium,72.77,2024-02-09,0,2021-05-17,55+,4
CUST00156,30,Female,West,Premium,63.2,2024-05-23,0,2020-02-02,25-34,6
CUST00157,68,Other,West,Standard,119.34,2024-05-11,0,2023-04-05,55+,2
CUST00158,49,Female,West,Basic,50.15,2024-03-30,0,2018-04-27,45-54,7
CUST00159,56,Other,South,Basic,90.04,2024-01-28,1,2019-09-20,55+,6
CUST00160,66,Male,East,Basic,80.34,2024-04-05,1,2020-01-19,55+,6
CUST00161,69,Female,South,Standard,74.6,2024-01-31,0,2022-02-10,55+,4
CUST00162,44,Male,West,Standard,99.6,2024-01-03,0,2018-04-15,35-44,7
CUST00163,21,Other,South,Standard,75.97,2024-05-15,0,2019-05-10,18-24,6
CUST00164,47,Other,South,Standard,57.3,2024-01-24,0,2022-11-30,45-54,3
CUST00165,54,Other,South,Standard,75.83,2024-01-15,0,2018-02-15,45-54,8
CUST00166,40,Male,East,Basic,66.34,2024-02-14,1,2020-04-02,35-44,5
CUST00167,56,Male,North,Standard,80.07,2024-01-08,0,2021-09-16,55+,4
CUST00168,62,Male,North,Standard,86.26,2024-03-11,0,2021-05-24,55+,4
CUST00169,32,Male,South,Basic,52.82,2024-04-17,0,2020-09-08,25-34,5
CUST00170,60,Other,North,Standard,93.91,2024-04-24,0,2020-08-17,55+,5
CUST00171,46,Other,North,Basic,64.9,2024-04-12,1,2022-02-24,45-54,4
CUST00172,53,Female,South,Basic,78.87,2024-05-04,0,2023-01-11,45-54,3
CUST00173,30,Female,South,Premium,82.34,2024-02-26,1,2023-04-30,25-34,2
CUST00174,44,Male,West,Premium,77.35,2024-01-30,0,2020-04-24,35-44,5
CUST00175,24,Other,North,Premium,67.82,2024-05-25,0,2019-03-25,18-24,6
CUST00176,68,Unknown,East,Premium,60.23,2024-04-23,1,2019-06-20,55+,6
CUST00177,39,Unknown,South,Standard,64.62,2024-04-26,0,2019-05-26,35-44,6
CUST00178,45,Female,West,Premium,101.3,2024-02-29,1,2022-01-21,45-54,4
CUST00179,19,Female,East,Basic,52.68,2024-04-07,0,2022-04-20,18-24,3
CUST00180,59,Other,North,Standard,55.62,2024-05-05,0,2022-04-09,55+,3
CUST00181,62,Other,West,Premium,54.74,2024-04-03,1,2019-06-24,55+,6
CUST00182,23,Other,South,Basic,72.72,2024-05-13,0,2022-02-16,18-24,4
CUST00183,45,Female,East,Standard,39.51,2024-05-01,1,2023-06-23,45-54,2
CUST00184,45,Other,South,Standard,42.93,2024-04-17,1,2018-01-16,45-54,8
CUST00185,44,Other,North,Premium,64.78,2024-01-04,0,2022-05-14,35-44,3
CUST00186,61,Unknown,East,Standard,44.24,2024-04-02,0,2018-08-31,55+,7
CUST00187,37,Male,North,Basic,45.87,2024-01-06,0,2023-05-28,35-44,2
CUST00188,47,Female,North,Standard,44.39,2024-02-01,0,2021-05-15,45-54,4
CUST00189,28,Other,West,Basic,53.07,2024-04-15,0,2020-06-30,25-34,5
CUST00190,45,Other,South,Standard,84.62,2024-05-25,0,2021-07-18,45-54,4
CUST00191,42,Male,East,Premium,89.11,2024-01-15,0,2020-01-31,35-44,6
CUST00192,56,Female,North,Basic,108.38,2024-05-01,0,2022-12-08,55+,3
CUST00193,44,Male,North,Standard,107.65,2024-04-05,1,2019-12-06,35-44,6
CUST00194,18,Male,East,Standard,85.73,2024-01-06,1,2023-02-14,18-24,3
CUST00195,44,Male,North,Standard,90.55,2024-04-21,0,2022-10-20,35-44,3
CUST00196,69,Male,West,Basic,72.62,2024-04-29,0,2018-04-25,55+,7
CUST00197,30,Other,West,Basic,80.4,2024-05-02,1,2022-05-23,25-34,3
CUST00198,58,Other,West,Basic,108.87,2024-03-07,0,2021-08-15,55+,4
CUST00199,20,Male,West,Premium,77.42,2024-04-15,0,2023-02-04,18-24,3
CUST00200,56,Female,North,Premium,93.06,2024-05-18,1,2022-02-15,55+,4
CUST00201,23,Female,East,Basic,51.31,2024-02-12,0,2019-02-01,18-24,7
CUST00202,25,Female,East,Standard,56.68,2024-05-24,0,2019-01-29,25-34,7
CUST00203,44,Female,East,Premium,76.24,2024-04-05,1,2021-01-03,35-44,5
CUST00204,26,Male,East,Basic,73,2024-05-11,1,2020-09-04,25-34,5
CUST00205,54,Other,South,Standard,57.6,2024-03-21,0,2022-02-14,45-54,4
CUST00206,50,Female,East,Premium,118.15,2024-02-10,0,2021-01-31,45-54,5
CUST00207,68,Male,South,Standard,73.45,2024-05-12,0,2018-10-24,55+,7
CUST00208,59,Female,South,Standard,61.15,2024-02-04,0,2020-09-28,55+,5
CUST00209,61,Female,West,Standard,73.03,2024-01-22,0,2018-06-27,55+,7
CUST00210,41,Male,South,Standard,70.51,2024-05-29,0,2021-05-23,35-44,4
CUST00211,32,Other,North,Premium,73.76,2024-04-21,1,2020-08-24,25-34,5
CUST00212,49,Other,South,Premium,38.13,2024-01-11,0,2018-11-11,45-54,7
CUST00213,49,Male,West,Premium,95.84,2024-01-03,0,2020-11-28,45-54,5
CUST00214,41,Other,South,Basic,96.98,2024-05-16,0,2018-09-16,35-44,7
CUST00215,58,Male,North,Premium,99.41,2024-02-29,0,2022-10-06,55+,3
CUST00216,69,Male,North,Standard,76.51,2024-03-16,0,2018-01-07,55+,8
CUST00217,66,Male,North,Premium,83.25,2024-03-27,0,2018-02-18,55+,8
CUST00218,66,Other,West,Standard,52.68,2024-01-14,0,2022-04-11,55+,3
CUST00219,69,Male,West,Basic,86.66,2024-01-18,0,2018-06-10,55+,7
CUST00220,29,Female,East,Standard,75.04,2024-04-22,0,2023-03-08,25-34,3
CUST00221,56,Other,West,Standard,60.79,2024-03-13,1,2018-06-25,55+,7
CUST00222,19,Other,North,Standard,71.5,2024-01-23,0,2022-06-03,18-24,3
CUST00223,20,Other,North,Basic,88.07,2024-03-23,0,2020-10-22,18-24,5
CUST00224,66,Other,West,Premium,71.21,2024-05-04,1,2020-09-27,55+,5
CUST00225,54,Female,South,Premium,78.77,2024-03-09,1,2023-04-03,45-54,2
CUST00226,66,Other,West,Basic,49.37,2024-02-16,0,2019-03-31,55+,6
CUST00227,44,Unknown,West,Standard,94.86,2024-04-25,0,2023-05-06,35-44,2
CUST00228,66,Male,North,Premium,52.02,2024-01-30,1,2022-07-26,55+,3
CUST00229,19,Other,East,Basic,55.89,2024-01-25,1,2018-10-03,18-24,7
CUST00230,19,Female,North,Premium,71.25,2024-04-21,0,2019-05-13,18-24,6
CUST00231,45,Female,East,Basic,92.29,2024-01-25,0,2022-07-11,45-54,3
CUST00232,40,Female,North,Standard,92.28,2024-03-14,0,2019-11-07,35-44,6
CUST00233,54,Female,West,Premium,69.9,2024-02-27,0,2022-12-29,45-54,3
CUST00234,49,Other,North,Basic,85.46,2024-04-03,0,2020-11-17,45-54,5
CUST00235,50,Other,North,Premium,36.22,2024-04-28,0,2021-09-18,45-54,4
CUST00236,18,Female,North,Premium,55.61,2024-05-06,1,2020-10-21,18-24,5
CUST00237,36,Female,West,Premium,56.02,2024-01-25,0,2021-04-26,35-44,4
CUST00238,19,Other,West,Premium,95.04,2024-03-18,0,2018-02-25,18-24,8
CUST00239,61,Unknown,West,Basic,83.09,2024-04-08,0,2019-07-01,55+,6
CUST00240,43,Male,West,Standard,73.69,2024-04-25,0,2021-02-09,35-44,5
CUST00241,44,Female,East,Basic,71.5,2024-02-17,0,2022-12-27,35-44,3
CUST00242,44,Female,East,Basic,101.37,2024-01-10,0,2021-08-26,35-44,4
CUST00243,49,Male,South,Basic,66.6,2024-04-08,0,2018-02-05,45-54,8
CUST00244,21,Male,West,Standard,43.72,2024-01-11,0,2019-03-15,18-24,7
CUST00245,28,Other,East,Premium,91.74,2024-03-25,1,2022-10-19,25-34,3
CUST00246,34,Other,North,Premium,73.64,2024-05-28,0,2022-06-04,25-34,3
CUST00247,55,Male,West,Premium,89.07,2024-05-14,0,2023-01-24,55+,3
CUST00248,41,Male,South,Standard,69.1,2024-05-05,1,2019-08-18,35-44,6
CUST00249,22,Other,South,Premium,53.23,2024-03-04,0,2022-05-20,18-24,3
CUST00250,69,Female,South,Standard,78.06,2024-01-02,0,2021-09-10,55+,4
CUST00251,51,Male,North,Premium,70.2,2024-03-16,1,2022-07-22,45-54,3
CUST00252,23,Other,East,Premium,73.7,2024-04-30,0,2018-11-03,18-24,7
CUST00253,39,Female,North,Basic,102.33,2024-02-11,0,2022-04-07,35-44,3
CUST00254,28,Male,West,Standard,48.03,2024-02-23,0,2022-10-18,25-34,3
CUST00255,65,Female,South,Basic,75.72,2024-03-15,1,2019-09-11,55+,6
CUST00256,33,Other,North,Basic,53.62,2024-01-16,0,2021-02-06,25-34,5
CUST00257,50,Male,North,Basic,18.19,2024-01-18,0,2021-10-27,45-54,4
CUST00258,26,Female,East,Standard,69.02,2024-03-30,0,2018-12-23,25-34,7
CUST00259,23,Male,East,Standard,70.62,2024-05-23,0,2018-06-30,18-24,7
CUST00260,33,Female,South,Premium,82.47,2024-01-06,0,2021-10-11,25-34,4
CUST00261,46,Other,North,Basic,65.65,2024-04-17,0,2022-08-27,45-54,3
CUST00262,20,Other,North,Premium,40.22,2024-02-17,0,2018-03-09,18-24,8
CUST00263,37,Male,East,Basic,71.5,2024-02-11,0,2018-10-19,35-44,7
CUST00264,53,Female,North,Standard,96.34,2024-03-16,0,2019-11-23,45-54,6
CUST00265,36,Male,North,Standard,53.27,2024-03-17,0,2018-06-30,35-44,7
CUST00266,43,Male,North,Standard,101.66,2024-05-11,1,2022-01-29,35-44,4
CUST00267,20,Female,East,Basic,91,2024-05-09,0,2019-03-10,18-24,7
CUST00268,36,Female,South,Standard,63.64,2024-02-28,1,2022-01-27,35-44,4
CUST00269,37,Female,West,Basic,55.42,2024-01-27,1,2022-09-01,35-44,3
CUST00270,49,Unknown,South,Premium,90.96,2024-03-19,0,2020-07-02,45-54,5
CUST00271,24,Male,West,Basic,65.18,2024-03-12,0,2022-04-07,18-24,3
CUST00272,69,Male,North,Premium,39.09,2024-01-07,1,2018-03-07,55+,8
CUST00273,58,Other,South,Basic,81.25,2024-04-20,0,2020-11-10,55+,5
CUST00274,50,Female,West,Premium,78.35,2024-04-28,1,2022-06-24,45-54,3
CUST00275,57,Other,East,Standard,92.75,2024-03-03,0,2019-01-19,55+,7
CUST00276,56,Other,East,Premium,76.99,2024-05-03,0,2023-01-10,55+,3
CUST00277,35,Other,South,Standard,59.02,2024-01-12,0,2022-06-27,35-44,3
CUST00278,57,Male,South,Standard,95.39,2024-05-20,0,2022-05-02,55+,3
CUST00279,18,Other,North,Premium,97.34,2024-02-12,1,2018-02-08,18-24,8
CUST00280,28,Male,South,Basic,74.66,2024-01-17,0,2021-08-01,25-34,4
CUST00281,45,Male,North,Basic,71.21,2024-03-03,0,2020-04-01,45-54,5
CUST00282,42,Male,North,Basic,43.53,2024-04-29,1,2019-08-25,35-44,6
CUST00283,67,Female,East,Basic,57.85,2024-02-05,0,2022-06-09,55+,3
CUST00284,40,Male,East,Basic,85.22,2024-01-08,0,2020-02-24,35-44,6
CUST00285,48,Male,West,Standard,58.85,2024-03-09,0,2021-09-21,45-54,4
CUST00286,47,Female,East,Basic,40.86,2024-03-30,0,2021-04-26,45-54,4
CUST00287,59,Male,East,Standard,139.92,2024-02-05,0,2019-11-02,55+,6
CUST00288,52,Other,South,Standard,40.73,2024-01-28,0,2021-06-20,45-54,4
CUST00289,24,Other,East,Standard,115.14,2024-04-27,0,2021-01-01,18-24,5
CUST00290,33,Male,West,Premium,63.85,2024-04-02,0,2019-04-24,25-34,6
CUST00291,43,Female,South,Premium,68.31,2024-03-16,0,2023-06-21,35-44,2
CUST00292,65,Other,West,Standard,56.55,2024-04-10,0,2019-07-15,55+,6
CUST00293,69,Female,East,Premium,85.66,2024-05-23,0,2018-04-11,55+,7
CUST00294,66,Unknown,West,Basic,41.2,2024-01-14,0,2019-05-29,55+,6
CUST00295,19,Other,South,Basic,33.19,2024-03-11,0,2022-11-15,18-24,3
CUST00296,18,Female,North,Standard,102.2,2024-05-03,0,2018-06-25,18-24,7
CUST00297,65,Other,West,Basic,53.92,2024-05-04,1,2018-08-26,55+,7
CUST00298,29,Female,West,Standard,84.92,2024-02-06,0,2020-06-28,25-34,5
CUST00299,22,Other,South,Standard,48.29,2024-01-29,0,2020-12-18,18-24,5
CUST00300,54,Male,South,Basic,84.17,2024-05-22,0,2023-03-04,45-54,3
CUST00301,49,Other,West,Premium,103.67,2024-01-19,0,2021-01-27,45-54,5
CUST00302,26,Other,East,Basic,59.46,2024-04-15,0,2023-06-01,25-34,2
CUST00303,58,Other,West,Basic,31.33,2024-01-21,0,2020-05-20,55+,5
CUST00304,52,Unknown,South,Standard,103.78,2024-03-04,0,2023-06-01,45-54,2
CUST00305,36,Female,North,Standard,71.5,2024-01-27,0,2019-05-10,35-44,6
CUST00306,65,Male,North,Standard,60.53,2024-02-24,1,2020-08-04,55+,5
CUST00307,33,Other,East,Standard,65.64,2024-01-29,0,2022-03-18,25-34,3
CUST00308,44,Female,West,Premium,47.79,2024-05-27,0,2020-01-25,35-44,6
CUST00309,37,Male,North,Premium,98.41,2024-01-25,1,2021-08-13,35-44,4
CUST00310,41,Male,West,Premium,59.31,2024-03-10,0,2018-07-30,35-44,7
CUST00311,50,Male,South,Standard,41.63,2024-03-03,0,2021-02-20,45-54,5
CUST00312,44,Male,North,Standard,74.27,2024-05-09,0,2021-06-06,35-44,4
CUST00313,69,Other,East,Standard,52.8,2024-05-29,0,2022-06-06,55+,3
CUST00314,44,Unknown,South,Premium,49.4,2024-01-16,0,2022-08-07,35-44,3
CUST00315,66,Female,East,Standard,61.4,2024-05-25,0,2021-11-12,55+,4
CUST00316,25,Female,South,Basic,71.73,2024-04-09,0,2018-05-20,25-34,7
CUST00317,53,Female,North,Basic,42.38,2024-01-30,0,2019-06-25,45-54,6
CUST00318,55,Male,East,Standard,97.7,2024-02-14,0,2021-11-15,55+,4
CUST00319,57,Male,East,Basic,83.54,2024-01-19,1,2018-09-27,55+,7
CUST00320,37,Other,South,Basic,62.69,2024-02-03,0,2022-11-18,35-44,3
CUST00321,52,Male,East,Premium,51.93,2024-05-20,0,2020-11-01,45-54,5
CUST00322,65,Male,South,Standard,68.22,2024-03-02,0,2023-03-06,55+,3
CUST00323,42,Male,South,Standard,87.99,2024-04-27,0,2021-11-13,35-44,4
CUST00324,52,Female,South,Premium,84.89,2024-04-09,1,2021-09-22,45-54,4
CUST00325,42,Female,South,Basic,91.17,2024-01-22,0,2019-05-21,35-44,6
CUST00326,46,Other,North,Basic,60.39,2024-04-20,0,2021-02-03,45-54,5
CUST00327,35,Male,South,Standard,11.5,2024-03-13,0,2018-02-01,35-44,8
CUST00328,63,Male,West,Basic,94.96,2024-05-26,0,2021-01-02,55+,5
CUST00329,35,Unknown,East,Premium,66.66,2024-02-07,0,2021-04-09,35-44,4
CUST00330,19,Male,West,Premium,83.32,2024-03-10,0,2023-02-16,18-24,3
CUST00331,52,Male,North,Standard,103.38,2024-04-25,0,2020-12-28,45-54,5
CUST00332,33,Female,West,Premium,118.69,2024-03-19,0,2020-03-23,25-34,5
CUST00333,58,Other,East,Premium,71.5,2024-05-27,0,2018-12-28,55+,7
CUST00334,53,Other,West,Standard,72.68,2024-01-09,1,2022-07-31,45-54,3
CUST00335,50,Other,North,Premium,97.34,2024-02-01,0,2021-12-27,45-54,4
CUST00336,21,Other,South,Premium,53.11,2024-05-11,0,2020-07-17,18-24,5
CUST00337,50,Female,West,Premium,58.36,2024-02-19,0,2018-04-10,45-54,7
CUST00338,31,Female,North,Basic,58.24,2024-03-22,0,2022-08-09,25-34,3
CUST00339,38,Male,North,Standard,69.44,2024-01-05,0,2018-01-09,35-44,8
CUST00340,65,Male,East,Standard,65.6,2024-05-27,1,2022-05-17,55+,3
CUST00341,37,Male,East,Standard,58.12,2024-03-27,0,2019-11-28,35-44,6
CUST00342,25,Male,West,Basic,50.68,2024-05-05,1,2020-11-18,25-34,5
CUST00343,24,Female,South,Basic,86.24,2024-03-15,0,2023-04-01,18-24,2
CUST00344,20,Other,North,Standard,96.76,2024-01-22,0,2021-02-11,18-24,5
CUST00345,34,Female,West,Basic,99.65,2024-03-08,0,2019-04-07,25-34,6
CUST00346,50,Male,North,Standard,60.38,2024-02-13,0,2020-07-09,45-54,5
CUST00347,65,Female,North,Basic,87.07,2024-02-03,0,2021-03-12,55+,5
CUST00348,29,Other,South,Premium,74.73,2024-03-17,0,2019-01-25,25-34,7
CUST00349,68,Other,South,Premium,58.59,2024-02-11,1,2019-09-24,55+,6
CUST00350,39,Female,West,Standard,84.68,2024-05-16,1,2019-11-13,35-44,6
CUST00351,39,Female,South,Basic,57.67,2024-04-15,0,2018-06-06,35-44,7
CUST00352,63,Female,South,Basic,62.48,2024-04-04,0,2018-12-01,55+,7
CUST00353,47,Male,West,Premium,42.47,2024-05-14,0,2023-02-28,45-54,3
CUST00354,55,Female,South,Premium,60.72,2024-03-08,0,2018-09-17,55+,7
CUST00355,55,Female,East,Basic,75.08,2024-05-26,0,2018-03-23,55+,7
CUST00356,62,Female,North,Basic,101.38,2024-05-07,0,2020-01-24,55+,6
CUST00357,68,Other,North,Basic,62.93,2024-03-25,0,2022-01-04,55+,4
CUST00358,25,Other,North,Basic,71.5,2024-03-23,0,2023-05-23,25-34,2
CUST00359,44,Male,North,Basic,99.95,2024-04-04,0,2021-04-10,35-44,4
CUST00360,44,Male,West,Basic,59.91,2024-02-01,0,2021-06-08,35-44,4
CUST00361,51,Other,North,Standard,35.03,2024-03-06,0,2019-12-21,45-54,6
CUST00362,38,Other,North,Basic,72.66,2024-04-25,0,2018-03-16,35-44,8
CUST00363,47,Other,North,Premium,63.5,2024-05-17,0,2021-07-17,45-54,4
CUST00364,50,Female,North,Standard,116.01,2024-05-09,0,2023-04-07,45-54,2
CUST00365,45,Female,East,Basic,79.51,2024-02-29,0,2019-09-18,45-54,6
CUST00366,64,Other,North,Premium,67.07,2024-01-17,0,2018-03-03,55+,8
CUST00367,50,Female,East,Standard,71.5,2024-04-05,0,2020-05-23,45-54,5
CUST00368,22,Female,West,Premium,76.6,2024-05-23,0,2018-11-16,18-24,7
CUST00369,65,Male,South,Basic,99.13,2024-01-16,0,2018-04-12,55+,7
CUST00370,36,Other,North,Basic,71.5,2024-02-15,0,2021-12-23,35-44,4
CUST00371,21,Other,South,Basic,53.05,2024-04-16,0,2020-05-23,18-24,5
CUST00372,44,Female,South,Basic,80.78,2024-03-28,0,2022-10-12,35-44,3
CUST00373,66,Other,West,Standard,69.03,2024-05-08,0,2020-08-11,55+,5
CUST00374,34,Male,South,Standard,78.97,2024-05-18,0,2018-09-12,25-34,7
CUST00375,61,Male,East,Premium,62.9,2024-04-28,0,2022-04-05,55+,3
CUST00376,45,Male,South,Basic,62.43,2024-03-25,1,2019-07-24,45-54,6
CUST00377,47,Other,South,Premium,61.64,2024-01-04,0,2018-04-22,45-54,7
CUST00378,46,Other,South,Standard,88.84,2024-03-11,1,2020-09-11,45-54,5
CUST00379,63,Other,North,Basic,62.64,2024-04-20,0,2021-08-29,55+,4
CUST00380,23,Other,North,Basic,60.81,2024-02-19,0,2020-09-24,18-24,5
CUST00381,52,Other,East,Standard,51.16,2024-05-19,0,2019-04-06,45-54,6
CUST00382,58,Male,East,Standard,79.08,2024-04-04,0,2019-12-09,55+,6
CUST00383,54,Female,North,Standard,76.23,2024-04-01,0,2020-06-05,45-54,5
CUST00384,41,Male,East,Standard,71.5,2024-03-05,0,2022-01-25,35-44,4
CUST00385,46,Other,North,Standard,55.81,2024-02-16,0,2023-03-04,45-54,3
CUST00386,66,Male,West,Basic,107.52,2024-04-15,0,2021-01-20,55+,5
CUST00387,63,Other,South,Standard,32.39,2024-05-09,0,2020-12-11,55+,5
CUST00388,48,Other,South,Basic,79.86,2024-04-15,0,2023-01-03,45-54,3
CUST00389,52,Male,East,Basic,95.83,2024-01-24,0,2019-06-04,45-54,6
CUST00390,50,Other,North,Standard,2.26,2024-01-04,0,2020-03-22,45-54,5
CUST00391,44,Female,North,Standard,85.88,2024-04-17,0,2021-01-26,35-44,5
CUST00392,38,Other,East,Basic,65.59,2024-01-19,1,2018-08-24,35-44,7
CUST00393,49,Female,North,Standard,75.12,2024-02-09,1,2023-04-09,45-54,2
CUST00394,40,Female,West,Standard,63.54,2024-02-19,0,2021-10-29,35-44,4
CUST00395,50,Unknown,South,Standard,91.51,2024-03-15,0,2022-05-24,45-54,3
CUST00396,20,Male,East,Premium,77.26,2024-01-12,1,2020-07-15,18-24,5
CUST00397,44,Female,East,Basic,71.5,2024-01-27,0,2019-07-11,35-44,6
CUST00398,42,Unknown,North,Premium,52.02,2024-04-22,0,2019-10-11,35-44,6
CUST00399,59,Unknown,East,Standard,107.65,2024-02-18,1,2018-08-22,55+,7
CUST00400,48,Other,West,Premium,70.2,2024-05-23,0,2020-11-21,45-54,5
CUST00401,20,Other,North,Standard,115.8,2024-05-09,0,2021-08-05,18-24,4
CUST00402,57,Female,North,Premium,108.55,2024-02-29,0,2022-07-20,55+,3
CUST00403,63,Other,North,Standard,34.43,2024-01-30,0,2019-08-02,55+,6
CUST00404,41,Female,North,Premium,56.9,2024-03-24,1,2019-06-26,35-44,6
CUST00405,67,Other,West,Premium,71.5,2024-01-28,0,2018-04-24,55+,7
CUST00406,49,Male,North,Premium,69.04,2024-01-25,0,2018-07-23,45-54,7
CUST00407,64,Other,East,Basic,73.74,2024-04-05,0,2020-11-18,55+,5
CUST00408,39,Male,West,Premium,74.6,2024-05-04,0,2019-10-05,35-44,6
CUST00409,40,Other,South,Basic,91.08,2024-01-10,0,2019-04-19,35-44,6
CUST00410,19,Male,South,Standard,99.87,2024-02-11,0,2019-11-28,18-24,6
CUST00411,44,Other,East,Premium,89.35,2024-02-09,1,2018-09-10,35-44,7
CUST00412,59,Male,East,Standard,58.78,2024-03-17,0,2022-12-27,55+,3
CUST00413,19,Female,West,Standard,54.36,2024-04-14,0,2020-06-23,18-24,5
CUST00414,43,Female,South,Premium,70.06,2024-04-27,0,2023-04-30,35-44,2
CUST00415,34,Male,South,Basic,78.52,2024-02-11,0,2019-01-21,25-34,7
CUST00416,57,Other,South,Premium,66.34,2024-02-16,1,2018-03-03,55+,8
CUST00417,50,Male,South,Standard,43.09,2024-01-22,0,2019-05-30,45-54,6
CUST00418,26,Other,South,Standard,83.64,2024-04-16,0,2019-03-06,25-34,7
CUST00419,60,Female,North,Premium,62.15,2024-01-27,0,2019-08-03,55+,6
CUST00420,65,Other,East,Basic,61.55,2024-02-10,0,2022-04-10,55+,3
CUST00421,56,Female,North,Basic,68.91,2024-03-20,0,2022-09-11,55+,3
CUST00422,46,Other,South,Standard,65.2,2024-03-29,0,2021-03-10,45-54,5
CUST00423,59,Other,West,Standard,62.67,2024-03-06,0,2020-01-13,55+,6
CUST00424,43,Other,West,Basic,44.4,2024-01-12,1,2021-08-16,35-44,4
CUST00425,52,Male,South,Premium,67.76,2024-03-13,0,2019-11-06,45-54,6
CUST00426,67,Unknown,South,Standard,71.5,2024-03-16,1,2018-11-07,55+,7
CUST00427,42,Female,West,Basic,75.29,2024-03-30,0,2019-04-16,35-44,6
CUST00428,41,Female,North,Standard,88.96,2024-01-10,0,2021-11-17,35-44,4
CUST00429,30,Male,North,Premium,55.43,2024-04-05,0,2022-07-24,25-34,3
CUST00430,24,Female,South,Basic,44.44,2024-01-20,0,2022-01-08,18-24,4
CUST00431,53,Male,North,Standard,65.08,2024-02-08,0,2022-11-17,45-54,3
CUST00432,62,Other,West,Premium,57.72,2024-02-29,0,2020-03-19,55+,5
CUST00433,37,Female,North,Standard,59.79,2024-03-06,0,2018-06-21,35-44,7
CUST00434,18,Female,South,Premium,74.23,2024-03-05,1,2019-07-30,18-24,6
CUST00435,25,Male,West,Premium,59.94,2024-05-03,0,2018-01-31,25-34,8
CUST00436,63,Female,North,Basic,45,2024-05-09,0,2018-02-16,55+,8
CUST00437,33,Female,East,Premium,58.82,2024-02-26,1,2018-05-10,25-34,7
CUST00438,31,Other,West,Standard,76.8,2024-03-18,0,2018-12-18,25-34,7
CUST00439,29,Female,West,Premium,83.43,2024-01-29,0,2020-09-04,25-34,5
CUST00440,68,Other,East,Premium,83.23,2024-01-15,0,2023-02-12,55+,3
CUST00441,44,Male,East,Basic,78.49,2024-01-12,0,2022-07-04,35-44,3
CUST00442,32,Female,West,Premium,66.64,2024-04-10,0,2022-05-24,25-34,3
CUST00443,45,Other,East,Premium,78.1,2024-03-24,1,2018-02-27,45-54,8
CUST00444,51,Male,South,Standard,71.5,2024-05-04,0,2021-02-03,45-54,5
CUST00445,19,Female,South,Basic,72.26,2024-04-12,0,2020-03-22,18-24,5
CUST00446,49,Male,South,Basic,51.21,2024-01-24,0,2021-09-15,45-54,4
CUST00447,40,Female,West,Basic,70.88,2024-05-28,0,2020-02-07,35-44,6
CUST00448,39,Male,East,Premium,77.57,2024-05-17,0,2023-01-22,35-44,3
CUST00449,68,Male,East,Basic,76.82,2024-04-19,0,2019-11-14,55+,6
CUST00450,42,Other,North,Premium,44.25,2024-03-18,0,2021-11-07,35-44,4
CUST00451,39,Male,North,Premium,71.93,2024-04-10,0,2021-03-31,35-44,4
CUST00452,39,Female,East,Standard,41.12,2024-05-25,0,2020-09-23,35-44,5
CUST00453,66,Female,East,Standard,73.47,2024-05-21,0,2018-10-13,55+,7
CUST00454,69,Other,East,Standard,55.97,2024-05-07,0,2020-12-30,55+,5
CUST00455,59,Female,West,Standard,104.11,2024-02-27,0,2022-11-26,55+,3
CUST00456,23,Female,East,Standard,72.38,2024-03-16,0,2022-01-17,18-24,4
CUST00457,32,Female,North,Premium,86.02,2024-05-29,1,2020-06-04,25-34,5
CUST00458,60,Male,West,Premium,112.22,2024-02-05,0,2022-05-10,55+,3
CUST00459,54,Male,East,Basic,53.65,2024-01-22,0,2023-02-02,45-54,3
CUST00460,50,Female,North,Premium,78.71,2024-05-06,0,2019-02-01,45-54,7
CUST00461,25,Other,West,Premium,46.28,2024-03-20,0,2022-03-19,25-34,3
CUST00462,61,Male,East,Standard,76.9,2024-04-09,1,2018-01-26,55+,8
CUST00463,61,Other,East,Premium,105.31,2024-04-05,0,2018-11-09,55+,7
CUST00464,22,Unknown,East,Standard,57.44,2024-05-27,1,2018-05-06,18-24,7
CUST00465,56,Female,West,Basic,71.5,2024-01-18,0,2021-12-02,55+,4
CUST00466,21,Male,North,Basic,68.18,2024-02-07,0,2022-05-08,18-24,3
CUST00467,23,Female,North,Premium,110.92,2024-04-18,1,2021-05-06,18-24,4
CUST00468,62,Male,South,Basic,85.42,2024-05-02,0,2020-03-21,55+,5
CUST00469,49,Female,East,Premium,51.9,2024-05-23,0,2018-07-07,45-54,7
CUST00470,69,Female,South,Basic,99.1,2024-05-28,0,2019-11-29,55+,6
CUST00471,47,Male,South,Standard,36.9,2024-04-13,1,2023-01-15,45-54,3
CUST00472,64,Male,North,Standard,112.73,2024-05-19,1,2020-03-20,55+,5
CUST00473,52,Male,West,Standard,87.13,2024-05-23,0,2019-12-17,45-54,6
CUST00474,57,Female,West,Standard,105.27,2024-03-21,1,2022-02-16,55+,4
CUST00475,69,Female,North,Premium,37.04,2024-03-27,0,2019-03-26,55+,6
CUST00476,33,Other,West,Basic,73.39,2024-05-21,0,2019-06-07,25-34,6
CUST00477,30,Unknown,South,Premium,67.32,2024-03-01,0,2023-03-10,25-34,3
CUST00478,67,Female,East,Standard,49.86,2024-02-15,0,2021-10-09,55+,4
CUST00479,59,Female,North,Premium,44.08,2024-02-01,0,2020-09-12,55+,5
CUST00480,47,Male,East,Basic,80.14,2024-01-15,0,2019-10-20,45-54,6
CUST00481,36,Other,West,Premium,81.95,2024-02-13,0,2019-08-20,35-44,6
CUST00482,34,Male,East,Basic,96,2024-05-24,0,2018-04-10,25-34,7
CUST00483,36,Other,West,Premium,59.93,2024-02-23,0,2019-09-08,35-44,6
CUST00484,45,Unknown,West,Basic,67.17,2024-02-13,0,2020-08-05,45-54,5
CUST00485,43,Other,South,Basic,42.35,2024-04-07,0,2022-05-01,35-44,3
CUST00486,44,Female,West,Standard,100.82,2024-01-05,0,2019-07-10,35-44,6
CUST00487,43,Male,South,Basic,71.39,2024-04-18,0,2018-10-05,35-44,7
CUST00488,40,Male,South,Standard,84.45,2024-01-27,0,2022-09-13,35-44,3
CUST00489,26,Male,South,Standard,85.16,2024-04-25,1,2022-09-19,25-34,3
CUST00490,29,Other,North,Standard,99.18,2024-03-27,0,2022-07-08,25-34,3
CUST00491,18,Female,North,Premium,53.37,2024-04-13,0,2019-05-06,18-24,6
CUST00492,18,Male,West,Premium,83.95,2024-05-02,1,2018-09-12,18-24,7
CUST00493,64,Male,South,Premium,69.5,2024-03-19,0,2019-01-16,55+,7
CUST00494,51,Female,North,Premium,112.11,2024-02-12,1,2020-06-10,45-54,5
CUST00495,49,Male,South,Basic,53.31,2024-04-06,0,2019-06-26,45-54,6
CUST00496,65,Female,East,Basic,93.43,2024-01-31,0,2021-07-11,55+,4
CUST00497,42,Female,East,Premium,77.01,2024-04-08,0,2022-06-22,35-44,3
CUST00498,57,Female,East,Basic,75.96,2024-01-17,0,2020-04-04,55+,5
CUST00499,62,Female,West,Basic,71.08,2024-03-23,0,2020-05-28,55+,5
CUST00500,18,Female,South,Standard,96.93,2024-04-19,0,2021-09-14,18-24,4
CUST00501,33,Other,East,Standard,75.28,2024-02-01,0,2021-02-12,25-34,5
CUST00502,56,Unknown,North,Standard,39.51,2024-05-20,1,2021-07-23,55+,4
CUST00503,22,Other,East,Standard,94.39,2024-02-04,0,2022-02-20,18-24,4
CUST00504,39,Male,East,Basic,90.72,2024-05-12,0,2018-10-08,35-44,7
CUST00505,46,Other,East,Premium,81.74,2024-01-29,0,2021-07-22,45-54,4
CUST00506,20,Female,West,Basic,47.43,2024-03-10,0,2020-02-12,18-24,6
CUST00507,29,Male,North,Basic,50.54,2024-04-04,1,2020-04-22,25-34,5
CUST00508,43,Male,South,Basic,32.45,2024-01-22,0,2019-12-20,35-44,6
CUST00509,33,Other,North,Standard,79.21,2024-03-09,0,2023-04-04,25-34,2
CUST00510,68,Other,South,Standard,43.01,2024-03-29,0,2018-11-24,55+,7
CUST00511,54,Male,West,Standard,35.62,2024-03-12,0,2018-07-30,45-54,7
CUST00512,39,Other,West,Premium,95.5,2024-05-08,1,2019-12-28,35-44,6
CUST00513,46,Other,West,Basic,85.36,2024-03-27,0,2020-07-11,45-54,5
CUST00514,31,Unknown,West,Premium,63.34,2024-04-05,0,2019-07-06,25-34,6
CUST00515,44,Female,South,Standard,71.5,2024-03-15,1,2018-01-26,35-44,8
CUST00516,22,Female,East,Premium,21.85,2024-02-23,1,2018-01-27,18-24,8
CUST00517,64,Other,South,Basic,71.5,2024-03-28,0,2019-12-03,55+,6
CUST00518,66,Other,North,Basic,56.15,2024-02-23,0,2021-01-11,55+,5
CUST00519,47,Female,West,Standard,76.61,2024-01-16,0,2023-04-04,45-54,2
CUST00520,63,Female,West,Standard,20.23,2024-04-08,0,2023-05-24,55+,2
CUST00521,69,Male,North,Premium,89.55,2024-01-20,1,2019-11-13,55+,6
CUST00522,22,Male,South,Standard,71.5,2024-02-15,0,2019-02-17,18-24,7
CUST00523,29,Female,East,Standard,71.5,2024-05-06,0,2018-06-16,25-34,7
CUST00524,33,Unknown,East,Basic,63.21,2024-02-27,0,2022-09-20,25-34,3
CUST00525,43,Other,North,Standard,58.07,2024-04-20,0,2018-06-18,35-44,7
CUST00526,43,Other,East,Standard,71.5,2024-05-08,0,2022-12-30,35-44,3
CUST00527,65,Other,South,Basic,61.59,2024-03-21,0,2018-08-17,55+,7
CUST00528,38,Male,South,Basic,97.25,2024-03-24,0,2022-06-21,35-44,3
CUST00529,56,Female,North,Premium,76.6,2024-03-10,0,2019-01-02,55+,7
CUST00530,53,Other,South,Standard,87.89,2024-01-08,0,2019-06-12,45-54,6
CUST00531,50,Male,West,Basic,69.96,2024-01-29,0,2020-03-01,45-54,6
CUST00532,47,Other,North,Premium,95.44,2024-04-21,0,2022-07-29,45-54,3
CUST00533,54,Female,South,Premium,46.93,2024-05-10,0,2022-04-11,45-54,3
CUST00534,40,Male,North,Standard,72.27,2024-04-17,0,2023-03-03,35-44,3
CUST00535,27,Female,East,Standard,62.07,2024-04-18,0,2019-06-08,25-34,6
CUST00536,22,Female,South,Premium,97.93,2024-01-20,0,2020-12-31,18-24,5
CUST00537,53,Male,West,Basic,99.98,2024-03-13,0,2022-07-27,45-54,3
CUST00538,51,Male,South,Premium,70.01,2024-01-04,0,2018-04-16,45-54,7
CUST00539,44,Male,North,Standard,44.17,2024-01-19,1,2020-01-02,35-44,6
CUST00540,48,Male,North,Basic,78.54,2024-04-11,0,2023-03-24,45-54,2
CUST00541,27,Male,South,Basic,36.71,2024-05-20,0,2020-08-22,25-34,5
CUST00542,36,Male,West,Premium,71.5,2024-05-20,1,2022-09-09,35-44,3
CUST00543,49,Unknown,West,Standard,60.54,2024-03-26,0,2021-07-29,45-54,4
CUST00544,18,Other,West,Premium,69.39,2024-02-21,0,2018-05-13,18-24,7
CUST00545,22,Female,North,Premium,56.38,2024-04-20,0,2019-06-18,18-24,6
CUST00546,62,Male,South,Premium,51.96,2024-04-18,1,2020-09-01,55+,5
CUST00547,21,Other,East,Basic,84.75,2024-03-26,0,2018-09-26,18-24,7
CUST00548,33,Other,North,Basic,66.83,2024-02-12,0,2021-12-06,25-34,4
CUST00549,41,Unknown,West,Standard,70.85,2024-02-11,0,2019-11-04,35-44,6
CUST00550,33,Female,South,Standard,49.92,2024-03-30,1,2022-07-01,25-34,3
CUST00551,19,Male,West,Premium,87.12,2024-04-24,0,2020-03-01,18-24,6
CUST00552,66,Other,East,Premium,89.16,2024-01-26,0,2023-03-04,55+,3
CUST00553,45,Female,West,Premium,65.82,2024-02-12,0,2022-11-06,45-54,3
CUST00554,49,Female,West,Standard,95.36,2024-03-17,0,2018-01-18,45-54,8
CUST00555,44,Female,East,Basic,67.92,2024-05-16,0,2022-11-13,35-44,3
CUST00556,37,Other,South,Basic,85.6,2024-01-20,0,2018-04-27,35-44,7
CUST00557,41,Unknown,North,Premium,37.54,2024-02-08,1,2020-03-08,35-44,6
CUST00558,29,Other,South,Premium,77.07,2024-01-12,0,2022-12-23,25-34,3
CUST00559,67,Other,East,Premium,64.57,2024-01-11,0,2021-03-13,55+,5
CUST00560,52,Male,West,Premium,73.11,2024-02-11,0,2022-10-07,45-54,3
CUST00561,50,Male,South,Standard,72.21,2024-01-11,0,2019-07-05,45-54,6
CUST00562,50,Male,North,Basic,72.51,2024-02-07,0,2020-07-17,45-54,5
CUST00563,68,Female,East,Premium,82.31,2024-04-07,0,2022-08-17,55+,3
CUST00564,60,Male,South,Standard,58.7,2024-01-19,0,2022-09-08,55+,3
CUST00565,54,Other,North,Premium,81.38,2024-05-13,0,2023-06-08,45-54,2
CUST00566,29,Male,East,Premium,94.65,2024-04-25,0,2020-01-23,25-34,6
CUST00567,20,Other,North,Basic,41.8,2024-04-22,1,2019-02-26,18-24,7
CUST00568,18,Female,East,Premium,54.39,2024-03-05,1,2023-04-06,18-24,2
CUST00569,50,Other,West,Basic,55.23,2024-04-08,0,2021-10-24,45-54,4
CUST00570,57,Other,South,Basic,48.16,2024-03-12,0,2019-10-08,55+,6
CUST00571,27,Male,North,Basic,60.51,2024-02-21,0,2019-07-12,25-34,6
CUST00572,60,Male,East,Standard,90.66,2024-04-27,1,2018-02-19,55+,8
CUST00573,61,Other,North,Standard,98.95,2024-04-29,0,2019-11-09,55+,6
CUST00574,44,Male,North,Basic,72.12,2024-01-07,1,2018-04-16,35-44,7
CUST00575,30,Female,South,Premium,63.52,2024-01-11,0,2021-05-24,25-34,4
CUST00576,44,Female,West,Basic,86.06,2024-04-12,1,2019-10-20,35-44,6
CUST00577,44,Male,North,Premium,22.72,2024-03-01,1,2023-05-01,35-44,2
CUST00578,63,Female,East,Basic,48.9,2024-03-08,1,2021-12-19,55+,4
CUST00579,19,Male,East,Premium,71.5,2024-05-19,0,2020-12-31,18-24,5
CUST00580,68,Other,West,Standard,48.69,2024-04-11,0,2020-09-14,55+,5
CUST00581,67,Other,East,Premium,54.66,2024-04-19,0,2020-04-21,55+,5
CUST00582,44,Female,West,Basic,99.55,2024-05-19,0,2022-12-14,35-44,3
CUST00583,40,Male,East,Standard,14.78,2024-02-20,0,2022-11-18,35-44,3
CUST00584,34,Male,South,Premium,61.67,2024-04-26,0,2019-03-22,25-34,6
CUST00585,43,Female,North,Premium,82.39,2024-02-15,0,2023-05-03,35-44,2
CUST00586,25,Other,South,Premium,78.21,2024-02-22,0,2021-04-24,25-34,4
CUST00587,46,Female,North,Premium,99.23,2024-03-28,0,2018-03-11,45-54,8
CUST00588,43,Other,North,Premium,71.5,2024-04-30,0,2023-06-21,35-44,2
CUST00589,27,Male,North,Standard,77.49,2024-01-13,1,2018-05-30,25-34,7
CUST00590,44,Other,South,Standard,33.23,2024-03-29,0,2021-06-23,35-44,4
CUST00591,51,Female,North,Standard,50.23,2024-05-04,0,2020-02-13,45-54,6
CUST00592,68,Male,South,Standard,34.35,2024-04-27,0,2022-04-11,55+,3
CUST00593,58,Female,West,Basic,81.45,2024-02-23,1,2023-05-13,55+,2
CUST00594,24,Female,East,Standard,76.97,2024-04-25,0,2022-08-03,18-24,3
CUST00595,21,Other,East,Premium,76.27,2024-04-27,0,2021-01-27,18-24,5
CUST00596,67,Female,North,Premium,52.37,2024-01-04,0,2023-04-18,55+,2
CUST00597,62,Other,South,Standard,50.54,2024-03-15,0,2021-07-25,55+,4
CUST00598,28,Male,East,Premium,74.19,2024-02-18,0,2022-05-06,25-34,3
CUST00599,46,Other,South,Standard,56.61,2024-01-07,1,2022-08-14,45-54,3
CUST00600,53,Male,South,Premium,49.59,2024-04-19,1,2020-08-01,45-54,5
CUST00601,42,Other,North,Basic,59.83,2024-05-01,0,2019-03-31,35-44,6
CUST00602,38,Female,East,Basic,56.79,2024-01-11,0,2021-02-01,35-44,5
CUST00603,53,Other,North,Standard,52.67,2024-04-01,0,2020-08-03,45-54,5
CUST00604,27,Other,North,Standard,45.48,2024-01-23,0,2019-08-24,25-34,6
CUST00605,54,Male,East,Standard,78.97,2024-01-28,0,2019-10-15,45-54,6
CUST00606,26,Female,East,Premium,101.12,2024-04-20,0,2019-12-26,25-34,6
CUST00607,41,Other,West,Standard,69.22,2024-02-26,1,2018-08-21,35-44,7
CUST00608,52,Female,West,Basic,74.45,2024-01-26,1,2021-11-18,45-54,4
CUST00609,66,Other,South,Premium,80.73,2024-02-23,0,2022-03-05,55+,4
CUST00610,52,Other,East,Standard,77.33,2024-01-29,0,2022-09-15,45-54,3
CUST00611,65,Female,West,Premium,53.06,2024-04-06,0,2018-09-08,55+,7
CUST00612,53,Other,South,Premium,104.4,2024-01-14,0,2022-03-25,45-54,3
CUST00613,35,Female,South,Standard,54.85,2024-03-18,0,2018-03-20,35-44,7
CUST00614,66,Other,South,Premium,82.96,2024-02-04,0,2020-12-11,55+,5
CUST00615,56,Male,West,Basic,80.6,2024-01-30,1,2020-06-16,55+,5
CUST00616,49,Female,East,Basic,30.83,2024-04-01,0,2020-07-09,45-54,5
CUST00617,41,Unknown,North,Premium,62.82,2024-01-17,0,2020-02-20,35-44,6
CUST00618,40,Other,South,Standard,71.13,2024-04-02,0,2018-08-14,35-44,7
CUST00619,49,Male,West,Premium,72.66,2024-03-19,0,2020-12-10,45-54,5
CUST00620,54,Female,West,Basic,76.03,2024-04-19,0,2021-04-24,45-54,4
CUST00621,29,Other,North,Premium,85.15,2024-04-11,0,2020-11-23,25-34,5
CUST00622,66,Male,North,Premium,69.85,2024-04-15,0,2020-03-13,55+,6
CUST00623,30,Other,West,Basic,77.09,2024-02-16,0,2020-01-12,25-34,6
CUST00624,40,Female,East,Premium,69.1,2024-03-04,0,2018-05-11,35-44,7
CUST00625,42,Other,North,Premium,49.65,2024-03-04,1,2020-10-19,35-44,5
CUST00626,52,Other,West,Standard,70.65,2024-03-27,0,2019-09-24,45-54,6
CUST00627,44,Other,North,Standard,84.98,2024-01-07,0,2022-01-06,35-44,4
CUST00628,47,Other,East,Basic,92.18,2024-01-22,0,2020-04-17,45-54,5
CUST00629,34,Male,South,Basic,80.75,2024-03-21,0,2020-01-29,25-34,6
CUST00630,66,Male,North,Basic,96.69,2024-03-14,0,2021-12-26,55+,4
CUST00631,37,Female,East,Standard,78.38,2024-05-17,1,2019-12-05,35-44,6
CUST00632,65,Male,West,Basic,87.28,2024-05-14,1,2019-05-12,55+,6
CUST00633,42,Male,North,Basic,88.75,2024-05-04,0,2021-11-27,35-44,4
CUST00634,39,Female,North,Basic,65.53,2024-02-19,0,2018-11-19,35-44,7
CUST00635,30,Male,West,Standard,71.5,2024-02-21,0,2021-05-18,25-34,4
CUST00636,36,Male,South,Premium,71.5,2024-01-01,0,2019-09-07,35-44,6
CUST00637,66,Female,West,Basic,77,2024-01-04,0,2018-11-25,55+,7
CUST00638,44,Female,North,Premium,81.54,2024-05-24,0,2021-10-27,35-44,4
CUST00639,29,Female,West,Basic,91.02,2024-05-11,0,2022-01-23,25-34,4
CUST00640,58,Other,East,Premium,86.42,2024-01-04,0,2018-05-13,55+,7
CUST00641,36,Other,West,Standard,91.28,2024-01-01,0,2020-04-14,35-44,5
CUST00642,29,Female,North,Standard,68.01,2024-03-11,1,2019-10-13,25-34,6
CUST00643,26,Female,West,Basic,63.09,2024-02-04,0,2018-05-01,25-34,7
CUST00644,24,Female,South,Premium,71.5,2024-01-08,0,2019-08-29,18-24,6
CUST00645,45,Other,West,Standard,75.33,2024-02-05,0,2022-01-15,45-54,4
CUST00646,31,Other,South,Basic,33.83,2024-05-02,0,2020-08-22,25-34,5
CUST00647,48,Male,East,Basic,96.64,2024-02-12,0,2018-05-09,45-54,7
CUST00648,69,Male,South,Standard,70.88,2024-01-27,0,2021-01-19,55+,5
CUST00649,36,Female,West,Standard,61.7,2024-02-01,1,2022-06-16,35-44,3
CUST00650,64,Other,North,Basic,19.41,2024-03-18,0,2022-05-18,55+,3
CUST00651,33,Other,South,Premium,69.26,2024-04-30,0,2018-01-29,25-34,8
CUST00652,22,Other,East,Premium,66.03,2024-05-25,0,2019-12-23,18-24,6
CUST00653,52,Female,South,Premium,52.06,2024-01-16,0,2022-03-28,45-54,3
CUST00654,29,Male,South,Basic,56.54,2024-04-08,0,2018-11-29,25-34,7
CUST00655,42,Female,South,Standard,69.47,2024-02-16,1,2021-08-13,35-44,4
CUST00656,69,Male,East,Basic,58.24,2024-01-31,0,2021-02-27,55+,5
CUST00657,38,Male,West,Standard,81.44,2024-01-04,0,2021-08-09,35-44,4
CUST00658,53,Female,South,Premium,55.02,2024-01-17,0,2021-04-11,45-54,4
CUST00659,40,Male,South,Premium,73.09,2024-02-08,0,2022-10-10,35-44,3
CUST00660,44,Male,North,Standard,93.6,2024-02-17,1,2020-08-01,35-44,5
CUST00661,56,Other,East,Standard,71.5,2024-02-08,1,2020-11-13,55+,5
CUST00662,62,Male,South,Basic,77.12,2024-05-11,0,2021-01-27,55+,5
CUST00663,59,Female,East,Premium,75.85,2024-01-30,0,2021-11-30,55+,4
CUST00664,56,Female,South,Basic,70.16,2024-01-22,0,2018-12-22,55+,7
CUST00665,31,Male,West,Basic,68.66,2024-03-06,0,2018-05-19,25-34,7
CUST00666,48,Other,West,Basic,58.57,2024-04-17,1,2022-03-07,45-54,4
CUST00667,22,Other,South,Premium,73.02,2024-01-12,0,2023-01-24,18-24,3
CUST00668,52,Male,West,Basic,64.33,2024-02-05,0,2021-04-12,45-54,4
CUST00669,40,Male,South,Basic,100.92,2024-01-18,0,2018-01-29,35-44,8
CUST00670,46,Female,West,Basic,86.22,2024-03-30,1,2020-07-19,45-54,5
CUST00671,60,Unknown,North,Basic,40.94,2024-01-01,0,2019-05-11,55+,6
CUST00672,28,Other,North,Basic,71.5,2024-05-06,0,2020-10-10,25-34,5
CUST00673,35,Male,North,Basic,67.39,2024-03-30,0,2019-10-17,35-44,6
CUST00674,64,Female,East,Premium,62.09,2024-03-27,1,2020-04-07,55+,5
CUST00675,29,Female,East,Basic,66.34,2024-03-30,0,2018-12-17,25-34,7
CUST00676,26,Female,North,Standard,83.02,2024-05-13,0,2019-07-08,25-34,6
CUST00677,27,Female,East,Basic,76.31,2024-03-10,0,2018-10-26,25-34,7
CUST00678,61,Female,West,Basic,76.11,2024-02-13,0,2022-10-10,55+,3
CUST00679,34,Male,South,Premium,98.92,2024-03-26,0,2023-02-09,25-34,3
CUST00680,55,Male,South,Premium,42.22,2024-01-19,1,2023-05-23,55+,2
CUST00681,24,Male,South,Standard,72.08,2024-04-10,0,2021-04-30,18-24,4
CUST00682,63,Male,North,Standard,58.42,2024-05-25,0,2022-08-23,55+,3
CUST00683,30,Female,East,Premium,98.71,2024-04-04,0,2018-03-05,25-34,8
CUST00684,57,Other,West,Premium,25.81,2024-04-10,0,2020-01-25,55+,6
CUST00685,59,Male,West,Basic,26.69,2024-01-30,1,2020-02-09,55+,6
CUST00686,26,Other,North,Premium,76.09,2024-02-02,0,2022-08-15,25-34,3
CUST00687,67,Male,West,Standard,92.53,2024-01-12,0,2021-05-23,55+,4
CUST00688,44,Male,West,Basic,85.47,2024-04-27,0,2020-04-13,35-44,5
CUST00689,19,Other,West,Standard,53.98,2024-04-03,0,2018-06-15,18-24,7
CUST00690,22,Female,West,Basic,100.13,2024-05-16,0,2022-04-16,18-24,3
CUST00691,46,Male,East,Premium,71.5,2024-05-28,0,2023-03-22,45-54,2
CUST00692,54,Unknown,West,Standard,96.15,2024-03-16,0,2021-06-09,45-54,4
CUST00693,55,Male,South,Basic,48.02,2024-01-29,0,2022-12-23,55+,3
CUST00694,36,Other,North,Basic,62.96,2024-04-26,0,2022-04-14,35-44,3
CUST00695,25,Female,East,Premium,82.79,2024-01-15,0,2021-05-03,25-34,4
CUST00696,65,Other,West,Premium,71.5,2024-01-02,1,2019-05-21,55+,6
CUST00697,44,Other,East,Premium,99.38,2024-04-26,0,2021-09-19,35-44,4
CUST00698,18,Female,West,Standard,62.84,2024-01-18,0,2022-11-27,18-24,3
CUST00699,39,Other,South,Basic,72.75,2024-01-03,0,2020-03-03,35-44,6
CUST00700,69,Female,North,Premium,93.24,2024-05-14,0,2021-08-20,55+,4
CUST00701,34,Male,West,Standard,54.14,2024-04-17,0,2020-04-12,25-34,5
CUST00702,24,Female,West,Standard,91.22,2024-04-04,0,2021-12-31,18-24,4
CUST00703,42,Male,West,Standard,102.81,2024-05-01,0,2021-09-08,35-44,4
CUST00704,62,Other,West,Premium,56.89,2024-01-11,1,2022-03-06,55+,4
CUST00705,21,Other,North,Premium,97.39,2024-03-08,0,2020-05-07,18-24,5
CUST00706,53,Male,North,Basic,34.79,2024-05-02,0,2023-04-22,45-54,2
CUST00707,23,Other,South,Basic,77.79,2024-04-22,0,2021-11-17,18-24,4
CUST00708,48,Female,North,Premium,45.43,2024-04-07,0,2020-03-16,45-54,6
CUST00709,36,Male,West,Standard,88.85,2024-04-02,0,2022-06-11,35-44,3
CUST00710,61,Other,South,Standard,87.21,2024-01-22,0,2021-03-18,55+,4
CUST00711,56,Male,South,Standard,111.55,2024-05-06,0,2020-01-31,55+,6
CUST00712,44,Female,South,Basic,98.43,2024-05-13,1,2020-04-12,35-44,5
CUST00713,27,Female,West,Standard,66.68,2024-01-25,0,2021-11-29,25-34,4
CUST00714,43,Other,East,Basic,48.37,2024-03-25,0,2018-10-10,35-44,7
CUST00715,36,Female,West,Basic,81.31,2024-02-24,1,2021-10-17,35-44,4
CUST00716,56,Male,North,Standard,68.79,2024-05-23,0,2019-01-14,55+,7
CUST00717,20,Female,North,Standard,101.02,2024-04-04,0,2018-07-17,18-24,7
CUST00718,62,Male,West,Premium,26.67,2024-05-21,1,2020-10-11,55+,5
CUST00719,30,Male,West,Premium,113.76,2024-04-28,0,2020-10-20,25-34,5
CUST00720,67,Female,South,Standard,80.64,2024-01-09,1,2019-07-10,55+,6
CUST00721,45,Other,West,Basic,53.74,2024-05-29,0,2018-12-22,45-54,7
CUST00722,37,Female,South,Basic,84.68,2024-02-11,0,2022-04-13,35-44,3
CUST00723,45,Male,North,Basic,95.95,2024-02-22,1,2021-12-23,45-54,4
CUST00724,25,Male,South,Basic,72.29,2024-03-14,0,2020-11-06,25-34,5
CUST00725,58,Unknown,West,Basic,71.5,2024-02-08,0,2019-10-01,55+,6
CUST00726,56,Unknown,North,Premium,64.12,2024-05-01,0,2019-01-14,55+,7
CUST00727,18,Other,East,Standard,90.79,2024-01-15,1,2019-11-11,18-24,6
CUST00728,20,Male,South,Premium,79.93,2024-05-02,1,2019-05-21,18-24,6
CUST00729,30,Male,North,Basic,66.87,2024-04-20,0,2022-11-15,25-34,3
CUST00730,45,Other,South,Basic,96.17,2024-05-10,0,2020-06-17,45-54,5
CUST00731,66,Female,North,Basic,84.79,2024-03-23,1,2018-03-17,55+,7
CUST00732,42,Male,North,Basic,86.33,2024-01-10,0,2018-08-19,35-44,7
CUST00733,50,Male,South,Standard,61.79,2024-04-01,0,2022-10-06,45-54,3
CUST00734,55,Other,East,Basic,59.85,2024-01-29,0,2020-08-19,55+,5
CUST00735,23,Female,North,Standard,36,2024-02-04,0,2021-06-25,18-24,4
CUST00736,61,Other,North,Basic,64.81,2024-01-06,0,2018-10-29,55+,7
CUST00737,62,Female,North,Standard,88.71,2024-05-19,0,2019-12-27,55+,6
CUST00738,44,Female,East,Premium,65.92,2024-04-20,0,2018-08-03,35-44,7
CUST00739,62,Female,East,Basic,78.91,2024-02-07,1,2021-03-27,55+,4
CUST00740,64,Male,West,Standard,92.22,2024-03-17,0,2018-03-10,55+,8
CUST00741,38,Other,South,Premium,77.46,2024-04-02,0,2019-01-28,35-44,7
CUST00742,33,Other,East,Basic,79.41,2024-05-26,0,2021-01-13,25-34,5
CUST00743,38,Female,South,Basic,42.84,2024-03-07,0,2018-09-24,35-44,7
CUST00744,28,Male,West,Basic,63.55,2024-05-15,0,2020-12-28,25-34,5
CUST00745,44,Male,South,Standard,104.53,2024-01-08,0,2019-09-03,35-44,6
CUST00746,53,Other,East,Standard,72.08,2024-05-01,0,2021-10-02,45-54,4
CUST00747,52,Male,South,Premium,107.93,2024-03-24,1,2020-10-05,45-54,5
CUST00748,36,Male,East,Standard,55.54,2024-05-11,0,2020-08-19,35-44,5
CUST00749,37,Female,South,Standard,74.68,2024-03-25,0,2019-12-29,35-44,6
CUST00750,35,Male,East,Basic,62.35,2024-02-14,0,2023-05-05,35-44,2
CUST00751,44,Female,East,Basic,81.84,2024-05-15,1,2019-11-04,35-44,6
CUST00752,58,Other,South,Basic,87.9,2024-03-27,0,2019-02-27,55+,7
CUST00753,66,Male,West,Basic,82.05,2024-01-16,0,2022-06-18,55+,3
CUST00754,31,Other,North,Basic,90.84,2024-03-17,0,2021-04-12,25-34,4
CUST00755,32,Other,West,Basic,69.74,2024-01-09,0,2022-08-28,25-34,3
CUST00756,48,Male,South,Basic,66.19,2024-02-29,0,2018-04-25,45-54,7
CUST00757,18,Male,West,Premium,34.84,2024-03-18,0,2018-08-08,18-24,7
CUST00758,44,Other,East,Premium,82.77,2024-03-17,1,2023-06-03,35-44,2
CUST00759,33,Male,North,Premium,73.44,2024-03-11,1,2018-01-31,25-34,8
CUST00760,44,Unknown,South,Premium,68.64,2024-01-15,0,2022-03-27,35-44,3
CUST00761,28,Female,South,Basic,66.18,2024-03-11,1,2021-09-28,25-34,4
CUST00762,29,Male,South,Premium,69.26,2024-04-11,0,2021-11-01,25-34,4
CUST00763,27,Other,North,Basic,65.28,2024-01-22,0,2021-02-27,25-34,5
CUST00764,49,Male,East,Premium,59.44,2024-04-22,0,2019-09-09,45-54,6
CUST00765,33,Male,South,Standard,74.79,2024-01-01,0,2019-06-23,25-34,6
CUST00766,25,Other,West,Premium,79.68,2024-01-10,1,2020-01-09,25-34,6
CUST00767,55,Other,South,Premium,71.5,2024-04-19,0,2020-10-22,55+,5
CUST00768,29,Female,South,Basic,61.99,2024-04-22,0,2020-05-20,25-34,5
CUST00769,41,Other,South,Premium,65.91,2024-02-19,0,2018-04-11,35-44,7
CUST00770,44,Female,South,Standard,70.1,2024-01-12,0,2022-04-06,35-44,3
CUST00771,25,Other,East,Basic,67.44,2024-03-29,0,2020-12-17,25-34,5
CUST00772,45,Male,West,Basic,83.19,2024-04-21,0,2021-11-13,45-54,4
CUST00773,53,Female,East,Premium,36.95,2024-03-18,0,2019-11-23,45-54,6
CUST00774,43,Female,West,Basic,40.5,2024-04-30,1,2020-07-29,35-44,5
CUST00775,25,Female,South,Basic,73.87,2024-01-23,1,2018-12-07,25-34,7
CUST00776,67,Male,North,Basic,57.95,2024-05-13,0,2020-05-10,55+,5
CUST00777,45,Male,East,Basic,87.68,2024-01-25,1,2020-11-09,45-54,5
CUST00778,45,Male,North,Basic,93.4,2024-01-18,0,2021-07-02,45-54,4
CUST00779,54,Male,East,Basic,74.67,2024-05-20,0,2021-09-02,45-54,4
CUST00780,58,Male,South,Standard,48.56,2024-02-12,0,2018-02-07,55+,8
CUST00781,53,Female,East,Premium,91.09,2024-03-18,0,2019-10-22,45-54,6
CUST00782,44,Male,South,Standard,73.98,2024-01-28,0,2022-04-10,35-44,3
CUST00783,34,Female,East,Basic,40.26,2024-05-25,0,2021-11-10,25-34,4
CUST00784,26,Male,South,Basic,42.03,2024-02-28,0,2022-07-15,25-34,3
CUST00785,50,Other,South,Premium,100.34,2024-03-03,0,2020-07-16,45-54,5
CUST00786,37,Female,West,Standard,97.02,2024-04-01,0,2020-11-15,35-44,5
CUST00787,30,Other,South,Premium,19.66,2024-02-25,0,2019-03-30,25-34,6
CUST00788,45,Female,West,Standard,42.84,2024-04-20,0,2022-09-01,45-54,3
CUST00789,65,Other,South,Basic,92.82,2024-05-16,0,2021-09-08,55+,4
CUST00790,46,Male,North,Premium,69.63,2024-03-08,0,2020-01-07,45-54,6
CUST00791,30,Male,South,Premium,71.5,2024-02-15,0,2022-03-17,25-34,3
CUST00792,63,Male,North,Basic,68.76,2024-03-07,0,2020-03-29,55+,5
CUST00793,52,Female,North,Premium,83.09,2024-05-15,1,2020-02-12,45-54,6
CUST00794,23,Other,South,Standard,70.12,2024-01-06,0,2018-01-13,18-24,8
CUST00795,35,Male,North,Standard,71.5,2024-01-24,0,2020-07-03,35-44,5
CUST00796,68,Other,West,Standard,91.17,2024-04-03,0,2023-04-16,55+,2
CUST00797,22,Other,East,Standard,74.04,2024-01-13,1,2022-05-03,18-24,3
CUST00798,44,Male,South,Basic,83.05,2024-01-25,0,2020-07-09,35-44,5
CUST00799,42,Male,North,Premium,73.15,2024-05-27,0,2020-04-04,35-44,5
CUST00800,19,Other,South,Standard,60.27,2024-04-27,1,2019-01-06,18-24,7
CUST00801,27,Male,West,Basic,102.17,2024-03-22,0,2021-08-07,25-34,4
CUST00802,47,Male,South,Premium,77.1,2024-04-20,0,2018-11-28,45-54,7
CUST00803,67,Male,South,Premium,62.9,2024-03-22,0,2022-06-18,55+,3
CUST00804,62,Female,North,Basic,95.57,2024-03-06,0,2018-09-18,55+,7
CUST00805,22,Other,West,Basic,43.58,2024-02-14,0,2022-12-19,18-24,3
CUST00806,50,Other,East,Standard,114.73,2024-04-23,0,2023-03-10,45-54,3
CUST00807,18,Female,East,Premium,66.42,2024-03-03,0,2021-05-13,18-24,4
CUST00808,35,Other,North,Premium,44.64,2024-03-16,0,2019-11-28,35-44,6
CUST00809,49,Male,South,Basic,108.12,2024-04-23,0,2019-11-18,45-54,6
CUST00810,64,Other,North,Premium,60.74,2024-04-20,0,2020-08-07,55+,5
CUST00811,66,Unknown,North,Standard,74.86,2024-05-26,0,2019-01-22,55+,7
CUST00812,28,Female,North,Premium,84.35,2024-02-04,1,2023-03-31,25-34,2
CUST00813,38,Male,South,Basic,93.68,2024-02-22,0,2020-03-31,35-44,5
CUST00814,43,Other,West,Basic,76,2024-01-26,1,2019-04-13,35-44,6
CUST00815,42,Other,North,Standard,57.05,2024-01-14,0,2021-12-09,35-44,4
CUST00816,39,Other,South,Standard,74.38,2024-04-27,0,2018-03-10,35-44,8
CUST00817,44,Female,West,Premium,61.61,2024-02-14,0,2022-02-04,35-44,4
CUST00818,66,Female,North,Premium,74.98,2024-02-20,0,2021-02-01,55+,5
CUST00819,30,Other,East,Basic,71.5,2024-04-28,0,2022-11-17,25-34,3
CUST00820,50,Male,West,Standard,85.12,2024-01-19,0,2021-03-30,45-54,4
CUST00821,51,Female,North,Standard,74.13,2024-03-22,1,2018-07-19,45-54,7
CUST00822,58,Other,West,Standard,84.77,2024-03-16,0,2018-08-04,55+,7
CUST00823,52,Other,West,Premium,86.2,2024-04-01,0,2023-05-24,45-54,2
CUST00824,18,Female,West,Standard,48.44,2024-02-02,0,2018-07-31,18-24,7
CUST00825,38,Female,West,Basic,70.83,2024-05-26,1,2019-05-23,35-44,6
CUST00826,65,Female,West,Basic,121.25,2024-01-28,0,2018-01-16,55+,8
CUST00827,23,Male,West,Premium,94.26,2024-05-02,0,2022-03-02,18-24,4
CUST00828,45,Male,North,Premium,59.93,2024-05-05,0,2020-06-02,45-54,5
CUST00829,34,Other,East,Standard,57.94,2024-02-06,0,2018-11-28,25-34,7
CUST00830,22,Female,South,Premium,57.27,2024-04-08,0,2019-12-18,18-24,6
CUST00831,48,Male,West,Basic,71.5,2024-04-07,0,2023-03-16,45-54,3
CUST00832,22,Unknown,South,Standard,102.15,2024-05-06,0,2019-07-05,18-24,6
CUST00833,55,Other,North,Basic,81.64,2024-03-20,0,2022-06-13,55+,3
CUST00834,20,Male,West,Standard,73.14,2024-02-07,0,2020-07-30,18-24,5
CUST00835,40,Male,East,Premium,61.12,2024-03-17,0,2018-09-13,35-44,7
CUST00836,54,Male,South,Standard,76.59,2024-05-05,1,2020-09-18,45-54,5
CUST00837,54,Other,West,Standard,53.6,2024-03-27,0,2022-11-25,45-54,3
CUST00838,27,Female,North,Basic,31.28,2024-02-23,0,2019-12-29,25-34,6
CUST00839,27,Unknown,East,Basic,102.74,2024-05-29,0,2020-05-29,25-34,5
CUST00840,36,Unknown,South,Standard,49.88,2024-01-16,0,2020-03-25,35-44,5
CUST00841,44,Female,South,Premium,71.5,2024-01-28,1,2021-04-10,35-44,4
CUST00842,38,Other,West,Premium,83.13,2024-02-15,0,2019-10-11,35-44,6
CUST00843,31,Female,East,Basic,98.69,2024-03-12,0,2020-09-26,25-34,5
CUST00844,26,Other,East,Premium,75.14,2024-03-25,0,2022-03-02,25-34,4
CUST00845,63,Female,East,Basic,46.13,2024-01-26,1,2019-04-16,55+,6
CUST00846,18,Male,East,Premium,63.97,2024-03-25,0,2021-11-08,18-24,4
CUST00847,68,Female,North,Standard,56.43,2024-03-05,0,2019-11-21,55+,6
CUST00848,62,Other,East,Basic,69.24,2024-05-13,1,2022-06-01,55+,3
CUST00849,30,Other,South,Basic,94.64,2024-04-24,0,2019-12-01,25-34,6
CUST00850,21,Female,South,Standard,19.25,2024-03-04,0,2019-05-22,18-24,6
CUST00851,18,Male,North,Basic,61.77,2024-03-27,0,2020-09-18,18-24,5
CUST00852,66,Male,South,Premium,60.32,2024-04-16,0,2020-10-06,55+,5
CUST00853,44,Female,South,Premium,44.86,2024-04-05,0,2022-03-31,35-44,3
CUST00854,49,Female,East,Basic,81.71,2024-03-17,0,2020-03-14,45-54,6
CUST00855,51,Other,South,Premium,41.7,2024-05-25,1,2020-04-10,45-54,5
CUST00856,45,Male,North,Basic,44,2024-03-27,0,2021-09-10,45-54,4
CUST00857,48,Female,East,Standard,87.02,2024-05-28,0,2018-08-02,45-54,7
CUST00858,25,Male,West,Basic,71.5,2024-02-26,0,2021-05-16,25-34,4
CUST00859,56,Female,East,Standard,68.48,2024-04-12,0,2018-06-18,55+,7
CUST00860,43,Female,North,Premium,45.65,2024-03-31,0,2021-09-15,35-44,4
CUST00861,51,Male,East,Standard,55.89,2024-02-14,0,2021-07-27,45-54,4
CUST00862,20,Female,East,Premium,90.16,2024-03-28,0,2020-09-04,18-24,5
CUST00863,67,Female,North,Basic,72.33,2024-04-24,0,2021-08-21,55+,4
CUST00864,29,Other,East,Premium,67.98,2024-02-16,1,2018-05-26,25-34,7
CUST00865,18,Female,North,Basic,76.26,2024-05-14,1,2022-12-04,18-24,3
CUST00866,61,Female,North,Basic,69.25,2024-02-19,0,2019-05-31,55+,6
CUST00867,22,Female,West,Standard,100.91,2024-03-24,0,2021-01-18,18-24,5
CUST00868,47,Other,South,Standard,55.02,2024-03-31,0,2019-03-29,45-54,6
CUST00869,47,Male,South,Standard,52.72,2024-05-13,0,2018-03-01,45-54,8
CUST00870,34,Other,East,Standard,42.33,2024-03-31,0,2021-08-27,25-34,4
CUST00871,65,Other,East,Premium,59.2,2024-05-16,0,2019-06-12,55+,6
CUST00872,44,Male,West,Premium,48.16,2024-04-18,0,2021-06-04,35-44,4
CUST00873,40,Other,West,Premium,74.36,2024-02-26,0,2020-10-20,35-44,5
CUST00874,32,Male,West,Basic,70.42,2024-01-31,0,2019-04-19,25-34,6
CUST00875,54,Other,North,Premium,48.42,2024-01-21,0,2022-04-14,45-54,3
CUST00876,38,Male,West,Premium,81.78,2024-03-30,0,2022-08-14,35-44,3
CUST00877,31,Female,West,Premium,100.34,2024-02-09,0,2020-01-27,25-34,6
CUST00878,19,Other,East,Standard,77.16,2024-04-21,0,2020-02-21,18-24,6
CUST00879,28,Other,West,Premium,19.13,2024-02-14,0,2021-01-07,25-34,5
CUST00880,68,Other,North,Basic,109.74,2024-03-17,1,2019-03-09,55+,7
CUST00881,56,Other,North,Standard,84.94,2024-03-27,0,2022-12-30,55+,3
CUST00882,55,Female,East,Basic,109.13,2024-05-27,0,2021-03-22,55+,4
CUST00883,51,Other,West,Premium,91.81,2024-04-10,0,2022-12-18,45-54,3
CUST00884,55,Female,West,Standard,95.81,2024-04-26,1,2019-02-05,55+,7
CUST00885,67,Female,North,Basic,74.11,2024-04-01,0,2021-07-26,55+,4
CUST00886,44,Female,West,Premium,64.75,2024-05-24,0,2018-02-26,35-44,8
CUST00887,35,Female,West,Basic,77.47,2024-01-28,1,2020-09-29,35-44,5
CUST00888,47,Unknown,West,Basic,55.82,2024-01-25,1,2018-07-05,45-54,7
CUST00889,32,Male,South,Basic,78.68,2024-02-27,1,2019-02-02,25-34,7
CUST00890,44,Other,East,Premium,17.46,2024-02-10,1,2019-08-28,35-44,6
CUST00891,68,Male,South,Premium,70.86,2024-05-13,1,2020-02-27,55+,6
CUST00892,51,Male,East,Basic,96.89,2024-03-15,0,2018-06-07,45-54,7
CUST00893,69,Other,North,Standard,71.89,2024-02-07,0,2022-12-16,55+,3
CUST00894,55,Other,West,Standard,104.55,2024-05-13,0,2022-09-13,55+,3
CUST00895,50,Other,East,Premium,64.73,2024-03-15,0,2021-10-14,45-54,4
CUST00896,41,Male,South,Premium,90.05,2024-05-21,0,2022-01-03,35-44,4
CUST00897,32,Male,West,Premium,52.43,2024-03-06,0,2019-08-12,25-34,6
CUST00898,47,Other,North,Premium,89.24,2024-01-03,0,2019-04-11,45-54,6
CUST00899,59,Female,East,Premium,74.65,2024-04-26,0,2022-08-14,55+,3
CUST00900,68,Other,East,Standard,65.6,2024-04-08,0,2019-03-22,55+,6
CUST00901,34,Female,East,Premium,18.52,2024-01-19,0,2022-11-09,25-34,3
CUST00902,22,Female,West,Basic,64.91,2024-05-25,0,2020-03-11,18-24,6
CUST00903,46,Other,South,Basic,74.27,2024-04-25,0,2022-11-02,45-54,3
CUST00904,21,Other,South,Standard,86.57,2024-05-04,0,2022-02-20,18-24,4
CUST00905,27,Other,East,Basic,101.22,2024-03-28,0,2022-04-03,25-34,3
CUST00906,34,Male,North,Standard,110.7,2024-02-04,0,2021-01-01,25-34,5
CUST00907,27,Female,North,Standard,94.93,2024-01-01,0,2020-07-17,25-34,5
CUST00908,34,Male,South,Basic,58.76,2024-05-05,0,2023-05-06,25-34,2
CUST00909,37,Male,North,Premium,63.9,2024-03-29,0,2022-09-21,35-44,3
CUST00910,41,Other,South,Basic,84.78,2024-05-23,0,2023-05-28,35-44,2
CUST00911,22,Male,East,Basic,80.39,2024-05-26,1,2018-01-17,18-24,8
CUST00912,51,Other,South,Standard,102.57,2024-01-25,0,2022-04-04,45-54,3
CUST00913,23,Female,South,Basic,119.59,2024-01-16,0,2020-01-01,18-24,6
CUST00914,19,Other,East,Standard,115.34,2024-03-13,0,2018-11-22,18-24,7
CUST00915,30,Male,North,Premium,99.88,2024-05-08,0,2020-09-21,25-34,5
CUST00916,60,Male,South,Premium,80.56,2024-02-11,0,2022-07-14,55+,3
CUST00917,60,Other,South,Premium,96.99,2024-05-26,0,2019-09-05,55+,6
CUST00918,65,Other,East,Basic,103.23,2024-03-20,0,2019-06-30,55+,6
CUST00919,28,Male,North,Standard,67.05,2024-04-13,0,2019-08-19,25-34,6
CUST00920,68,Female,South,Premium,59.35,2024-05-25,0,2020-07-09,55+,5
CUST00921,64,Female,East,Standard,54.65,2024-02-03,0,2022-09-28,55+,3
CUST00922,40,Other,South,Standard,52.47,2024-03-29,0,2020-04-21,35-44,5
CUST00923,33,Female,West,Premium,42.36,2024-05-04,1,2021-05-10,25-34,4
CUST00924,48,Male,East,Premium,75,2024-02-14,0,2018-12-10,45-54,7
CUST00925,28,Other,North,Standard,50,2024-05-13,0,2023-02-20,25-34,3
CUST00926,33,Male,North,Premium,54.33,2024-01-21,0,2022-03-27,25-34,3
CUST00927,25,Male,North,Standard,84.03,2024-05-01,0,2020-05-08,25-34,5
CUST00928,21,Female,North,Standard,73.63,2024-03-10,0,2021-11-24,18-24,4
CUST00929,44,Other,South,Premium,78.59,2024-04-05,0,2021-05-26,35-44,4
CUST00930,21,Other,South,Basic,97.3,2024-04-14,1,2019-03-21,18-24,6
CUST00931,42,Female,North,Premium,87.29,2024-02-17,0,2022-11-24,35-44,3
CUST00932,20,Male,North,Basic,100.38,2024-02-08,1,2018-08-10,18-24,7
CUST00933,49,Male,North,Standard,71.6,2024-01-31,0,2021-11-07,45-54,4
CUST00934,20,Male,South,Standard,102.24,2024-01-10,1,2023-03-20,18-24,2
CUST00935,44,Male,North,Basic,77.19,2024-01-30,0,2019-08-15,35-44,6
CUST00936,46,Other,North,Standard,73.37,2024-01-18,0,2020-10-27,45-54,5
CUST00937,49,Other,West,Basic,99.23,2024-03-28,0,2021-07-19,45-54,4
CUST00938,67,Female,West,Basic,52.56,2024-05-04,0,2022-10-29,55+,3
CUST00939,68,Unknown,North,Standard,110.47,2024-03-13,1,2020-10-14,55+,5
CUST00940,36,Other,East,Basic,64.36,2024-01-15,0,2018-01-16,35-44,8
CUST00941,38,Other,North,Premium,45.64,2024-01-04,0,2021-12-18,35-44,4
CUST00942,22,Male,West,Premium,83.07,2024-01-09,0,2019-06-08,18-24,6
CUST00943,35,Male,East,Standard,62.45,2024-04-18,0,2020-03-13,35-44,6
CUST00944,45,Female,East,Standard,110.52,2024-05-16,0,2022-11-12,45-54,3
CUST00945,59,Other,North,Basic,61.34,2024-05-11,0,2018-01-21,55+,8
CUST00946,39,Female,West,Basic,76.29,2024-01-16,0,2022-09-10,35-44,3
CUST00947,38,Other,West,Basic,41.49,2024-05-22,1,2023-05-17,35-44,2
CUST00948,23,Male,East,Basic,86.26,2024-04-08,0,2018-08-16,18-24,7
CUST00949,44,Unknown,North,Premium,54.45,2024-04-30,0,2020-10-04,35-44,5
CUST00950,22,Female,South,Premium,83.87,2024-02-21,0,2022-12-14,18-24,3
CUST00951,58,Other,South,Standard,61.43,2024-03-09,0,2021-08-04,55+,4
CUST00952,29,Male,West,Basic,29.06,2024-01-05,0,2020-03-19,25-34,5
CUST00953,43,Female,South,Basic,72.62,2024-01-20,0,2021-03-03,35-44,5
CUST00954,63,Male,West,Standard,71.73,2024-03-19,0,2021-07-30,55+,4
CUST00955,51,Female,West,Basic,87.62,2024-05-25,0,2019-02-08,45-54,7
CUST00956,66,Male,West,Basic,101.12,2024-04-20,1,2022-08-16,55+,3
CUST00957,31,Unknown,South,Basic,108.25,2024-01-02,0,2020-12-25,25-34,5
CUST00958,43,Female,West,Basic,87.28,2024-04-02,0,2022-07-31,35-44,3
CUST00959,62,Female,East,Basic,75.57,2024-01-13,1,2022-06-16,55+,3
CUST00960,44,Male,North,Standard,41.45,2024-01-04,1,2019-03-13,35-44,7
CUST00961,26,Unknown,North,Basic,74.04,2024-04-18,0,2020-04-08,25-34,5
CUST00962,43,Female,West,Standard,74.3,2024-03-14,0,2020-07-22,35-44,5
CUST00963,64,Other,North,Basic,66.03,2024-04-04,0,2018-09-16,55+,7
CUST00964,39,Male,South,Premium,82.66,2024-04-14,1,2023-06-13,35-44,2
CUST00965,64,Male,South,Premium,92.44,2024-01-08,1,2018-04-13,55+,7
CUST00966,44,Male,North,Premium,53.63,2024-03-07,0,2020-09-19,35-44,5
CUST00967,60,Female,South,Premium,53.32,2024-04-19,0,2022-05-10,55+,3
CUST00968,65,Female,North,Standard,67.21,2024-01-09,0,2020-02-08,55+,6
CUST00969,34,Female,North,Standard,57.7,2024-04-26,0,2021-01-29,25-34,5
CUST00970,43,Unknown,North,Basic,37.17,2024-01-11,0,2021-05-06,35-44,4
CUST00971,53,Other,West,Premium,71.5,2024-04-08,0,2020-03-23,45-54,5
CUST00972,18,Other,North,Standard,45.35,2024-02-11,1,2018-08-14,18-24,7
CUST00973,25,Female,West,Basic,94.17,2024-05-20,0,2020-07-31,25-34,5
CUST00974,66,Other,North,Basic,104.06,2024-04-29,0,2019-04-08,55+,6
CUST00975,52,Male,North,Standard,48.09,2024-05-20,0,2018-08-25,45-54,7
CUST00976,69,Male,North,Premium,80.92,2024-01-12,0,2020-11-15,55+,5
CUST00977,32,Male,South,Basic,87.47,2024-02-06,0,2021-02-18,25-34,5
CUST00978,64,Female,West,Premium,71.5,2024-03-14,0,2023-04-18,55+,2
CUST00979,39,Male,West,Premium,73.22,2024-03-13,0,2019-05-21,35-44,6
CUST00980,31,Other,North,Premium,120.67,2024-02-21,1,2021-04-20,25-34,4
CUST00981,43,Unknown,North,Basic,83.54,2024-05-09,0,2022-10-01,35-44,3
CUST00982,45,Other,South,Premium,65.09,2024-02-25,0,2020-03-24,45-54,5
CUST00983,44,Male,South,Basic,58.8,2024-02-29,0,2020-02-06,35-44,6
CUST00984,31,Male,South,Premium,29.55,2024-01-23,0,2019-09-26,25-34,6
CUST00985,41,Male,West,Basic,79.41,2024-04-12,0,2022-04-16,35-44,3
CUST00986,19,Female,West,Premium,108.96,2024-02-09,0,2021-08-31,18-24,4
CUST00987,62,Other,West,Standard,53.73,2024-03-04,0,2020-09-17,55+,5
CUST00988,44,Female,North,Premium,31.29,2024-03-25,0,2022-12-26,35-44,3
CUST00989,31,Female,West,Premium,56.72,2024-03-29,0,2019-09-10,25-34,6
CUST00990,68,Male,East,Basic,87.63,2024-01-31,0,2022-10-26,55+,3
CUST00991,24,Female,East,Basic,61.43,2024-01-20,1,2018-09-30,18-24,7
CUST00992,20,Female,South,Premium,53.59,2024-05-09,1,2023-04-18,18-24,2
CUST00993,64,Male,West,Standard,70.38,2024-01-13,0,2018-08-20,55+,7
CUST00994,40,Female,East,Standard,74.59,2024-05-01,0,2021-12-14,35-44,4
CUST00995,63,Unknown,South,Basic,42.23,2024-04-12,1,2020-02-07,55+,6
CUST00996,60,Male,West,Standard,65.65,2024-04-15,0,2022-01-05,55+,4
CUST00997,64,Unknown,North,Premium,60.05,2024-04-28,0,2019-05-11,55+,6
CUST00998,62,Male,East,Basic,57.18,2024-03-10,1,2020-11-13,55+,5
CUST00999,35,Female,North,Premium,49.66,2024-04-08,0,2021-02-06,35-44,5
CUST01000,55,Male,West,Basic,88.83,2024-03-22,1,2022-09-23,55+,3
